ea1,ea2
311,303
311,373
303,311
303,256
256,303
256,373
373,311
373,256
435,510
435,85
435,190
435,148
435,357
435,37
435,10
435,135
435,105
435,23
435,413
435,168
435,529
435,591
435,121
435,139
435,275
435,339
435,73
435,452
435,209
435,334
207,510
207,85
207,190
207,148
207,357
207,37
207,10
207,135
207,105
207,23
207,413
207,168
207,529
207,591
207,121
207,139
207,275
207,339
207,73
207,452
207,209
207,334
207,451
207,216
207,318
207,161
207,502
207,437
207,427
207,27
207,104
207,65
207,241
207,5
207,19
207,374
207,369
510,272
510,277
510,435
510,4
510,246
510,33
510,579
510,66
510,113
510,541
510,462
510,236
510,562
510,177
510,389
510,156
510,182
510,217
510,458
510,320
510,516
510,327
510,401
510,378
510,170
510,428
510,0
510,29
510,46
510,500
510,62
510,41
510,73
510,56
510,169
510,118
510,203
510,592
510,3
510,207
510,568
510,6
510,460
510,153
272,510
272,85
272,190
272,148
272,357
272,37
272,10
272,135
272,105
272,23
272,413
272,168
272,305
272,161
272,421
272,365
272,322
277,510
277,85
277,190
277,148
277,357
277,37
277,10
277,135
277,105
277,23
277,413
277,168
277,543
85,272
85,277
85,435
85,4
85,246
85,33
85,579
85,66
85,113
85,541
85,462
85,236
85,562
85,177
85,389
85,156
85,182
85,217
85,458
85,320
85,516
85,327
85,401
85,378
85,170
85,428
85,0
85,29
85,46
85,500
85,62
85,41
85,73
85,56
85,169
85,118
85,203
85,592
85,3
85,207
85,568
85,6
85,460
85,153
190,272
190,277
190,435
190,4
190,246
190,33
190,579
190,66
190,113
190,541
190,462
190,236
190,562
190,177
190,389
190,156
190,182
190,217
190,458
190,320
190,516
190,327
190,401
190,378
190,170
190,428
190,0
190,29
190,46
190,500
190,62
190,41
190,73
190,56
190,169
190,118
190,203
190,592
190,3
190,207
190,568
190,6
190,460
190,153
148,272
148,277
148,435
148,4
148,246
148,33
148,579
148,66
148,113
148,541
148,462
148,236
148,562
148,177
148,389
148,156
148,182
148,217
148,458
148,320
148,516
148,327
148,401
148,378
148,170
148,428
148,0
148,29
148,46
148,500
148,62
148,41
148,73
148,56
148,169
148,118
148,203
148,592
148,3
148,207
148,568
148,6
148,460
148,153
148,391
148,196
148,211
4,510
4,85
4,190
4,148
4,357
4,37
4,10
4,135
4,105
4,23
4,413
4,168
357,272
357,277
357,435
357,4
357,246
357,33
357,579
357,66
357,113
357,541
357,462
357,236
357,562
357,177
357,389
357,156
357,182
357,217
357,458
357,320
357,516
357,327
357,401
357,378
357,170
357,428
357,0
357,29
357,46
357,500
357,62
357,41
357,73
357,56
357,169
357,118
357,203
357,592
357,3
357,207
357,568
357,6
357,460
357,153
357,565
357,449
357,252
357,540
246,510
246,85
246,190
246,148
246,357
246,37
246,10
246,135
246,105
246,23
246,413
246,168
246,376
246,500
37,272
37,277
37,435
37,4
37,246
37,33
37,579
37,66
37,113
37,541
37,462
37,236
37,562
37,177
37,389
37,156
37,182
37,217
37,458
37,320
37,516
37,327
37,401
37,378
37,170
37,428
37,0
37,29
37,46
37,500
37,62
37,41
37,73
37,56
37,169
37,118
37,203
37,592
37,3
37,207
37,568
37,6
37,460
37,153
451,432
451,214
451,542
451,329
451,274
451,475
451,182
451,349
451,207
451,250
178,529
178,591
178,121
178,139
178,275
178,339
178,73
178,452
178,209
178,334
178,130
178,350
178,161
178,572
178,82
178,285
178,543
529,178
529,112
529,175
529,419
529,435
529,385
529,270
529,378
529,61
529,599
529,56
529,253
529,153
529,83
529,160
529,518
529,464
529,46
529,207
112,529
112,591
112,121
112,139
112,275
112,339
112,73
112,452
112,209
112,334
175,529
175,591
175,121
175,139
175,275
175,339
175,73
175,452
175,209
175,334
33,510
33,85
33,190
33,148
33,357
33,37
33,10
33,135
33,105
33,23
33,413
33,168
579,510
579,85
579,190
579,148
579,357
579,37
579,10
579,135
579,105
579,23
579,413
579,168
579,141
579,327
579,545
579,559
579,163
579,94
579,164
579,561
579,331
579,187
579,370
10,272
10,277
10,435
10,4
10,246
10,33
10,579
10,66
10,113
10,541
10,462
10,236
10,562
10,177
10,389
10,156
10,182
10,217
10,458
10,320
10,516
10,327
10,401
10,378
10,170
10,428
10,0
10,29
10,46
10,500
10,62
10,41
10,73
10,56
10,169
10,118
10,203
10,592
10,3
10,207
10,568
10,6
10,460
10,153
66,510
66,85
66,190
66,148
66,357
66,37
66,10
66,135
66,105
66,23
66,413
66,168
66,34
66,74
66,26
66,440
66,192
113,510
113,85
113,190
113,148
113,357
113,37
113,10
113,135
113,105
113,23
113,413
113,168
161,297
161,173
161,170
161,603
161,189
161,586
161,107
161,583
161,272
161,356
161,75
161,250
161,35
161,182
161,456
161,251
161,432
161,214
161,542
161,329
161,274
161,475
161,349
161,207
161,149
161,226
161,133
161,571
161,52
161,46
161,320
161,415
161,474
161,178
161,507
161,433
161,50
161,322
161,459
161,249
161,419
161,296
161,120
161,309
161,511
161,300
161,9
161,377
313,166
266,166
299,166
166,313
166,266
166,299
166,64
166,414
64,166
414,166
278,391
278,196
278,428
278,211
278,191
278,42
391,278
391,148
196,278
196,148
196,527
196,592
196,200
196,71
196,492
196,387
196,232
196,235
196,441
196,367
428,510
428,85
428,190
428,148
428,357
428,37
428,10
428,135
428,105
428,23
428,413
428,168
428,278
211,278
211,148
410,527
410,592
410,200
410,71
410,8
410,106
410,565
410,360
410,154
527,410
527,81
527,485
527,196
527,528
81,527
81,592
81,200
81,71
81,149
81,226
81,133
81,297
81,571
81,52
81,46
81,320
81,415
81,474
592,510
592,85
592,190
592,148
592,357
592,37
592,10
592,135
592,105
592,23
592,413
592,168
592,410
592,81
592,485
592,196
592,528
485,527
485,592
485,200
485,71
200,410
200,81
200,485
200,196
200,528
71,410
71,81
71,485
71,196
71,528
528,527
528,592
528,200
528,71
475,437
475,502
475,451
475,216
475,318
475,161
475,39
475,605
475,505
475,289
475,525
475,368
499,218
173,476
173,433
173,292
173,161
173,225
173,183
173,315
173,429
173,362
173,361
173,417
173,20
173,259
173,43
173,69
173,564
173,567
173,5
173,102
173,17
173,49
173,283
173,463
173,36
173,163
173,505
173,201
173,91
173,68
173,372
173,263
173,213
173,141
173,602
173,230
203,510
203,85
203,190
203,148
203,357
203,37
203,10
203,135
203,105
203,23
203,413
203,168
297,476
297,433
297,292
297,161
297,225
297,183
297,162
297,130
297,395
297,467
297,134
297,224
297,81
297,543
297,600
297,185
476,297
476,173
476,170
476,603
476,189
433,297
433,173
433,170
433,603
433,189
433,130
433,350
433,161
433,572
433,82
433,285
433,218
170,510
170,85
170,190
170,148
170,357
170,37
170,10
170,135
170,105
170,23
170,413
170,168
170,476
170,433
170,292
170,161
170,225
170,183
603,476
603,433
603,292
603,161
603,225
603,183
603,218
603,167
603,605
603,360
603,340
603,540
603,571
189,476
189,433
189,292
189,161
189,225
189,183
189,543
292,297
292,173
292,170
292,603
292,189
292,34
292,74
292,26
292,440
292,192
225,297
225,173
225,170
225,603
225,189
225,34
183,297
183,173
183,170
183,603
183,189
183,543
183,301
183,422
183,162
183,467
183,375
183,185
183,259
183,206
183,55
183,39
183,221
183,327
183,58
183,438
183,450
183,545
183,283
183,40
183,286
183,382
183,535
183,408
183,463
183,36
183,163
183,505
183,201
183,91
183,359
183,370
183,94
183,337
183,172
183,484
183,574
183,291
183,571
183,580
183,343
183,454
183,18
183,514
183,60
183,470
183,195
183,429
183,344
183,589
183,493
183,537
183,323
183,253
183,5
183,354
183,202
183,251
183,27
183,427
183,164
183,174
183,399
183,65
183,122
183,333
586,161
586,304
586,199
586,167
107,161
107,304
107,199
107,167
304,586
304,107
304,583
199,586
199,107
199,583
199,543
199,359
199,370
583,161
583,304
583,199
583,167
167,586
167,107
167,583
167,603
167,580
167,393
167,119
167,276
167,577
167,114
167,76
167,269
167,363
167,154
167,509
167,57
167,290
167,15
167,252
167,463
167,36
167,163
167,505
167,201
167,91
541,510
541,85
541,190
541,148
541,357
541,37
541,10
541,135
541,105
541,23
541,413
541,168
135,272
135,277
135,435
135,4
135,246
135,33
135,579
135,66
135,113
135,541
135,462
135,236
135,562
135,177
135,389
135,156
135,182
135,217
135,458
135,320
135,516
135,327
135,401
135,378
135,170
135,428
135,0
135,29
135,46
135,500
135,62
135,41
135,73
135,56
135,169
135,118
135,203
135,592
135,3
135,207
135,568
135,6
135,460
135,153
135,376
462,510
462,85
462,190
462,148
462,357
462,37
462,10
462,135
462,105
462,23
462,413
462,168
236,510
236,85
236,190
236,148
236,357
236,37
236,10
236,135
236,105
236,23
236,413
236,168
562,510
562,85
562,190
562,148
562,357
562,37
562,10
562,135
562,105
562,23
562,413
562,168
562,254
562,337
177,510
177,85
177,190
177,148
177,357
177,37
177,10
177,135
177,105
177,23
177,413
177,168
389,510
389,85
389,190
389,148
389,357
389,37
389,10
389,135
389,105
389,23
389,413
389,168
156,510
156,85
156,190
156,148
156,357
156,37
156,10
156,135
156,105
156,23
156,413
156,168
156,139
156,408
305,272
305,356
305,75
305,250
305,35
305,182
305,456
305,251
421,272
421,356
421,75
421,250
421,35
421,182
421,456
421,251
365,272
365,356
365,75
365,250
365,35
365,182
365,456
365,251
356,305
356,161
356,421
356,365
356,481
356,300
356,411
356,270
356,542
75,305
75,161
75,421
75,365
75,218
250,305
250,161
250,421
250,365
250,585
250,451
250,216
250,318
250,502
250,437
250,119
250,535
250,90
250,554
250,370
250,436
250,597
250,219
250,327
250,283
250,306
250,531
250,287
250,526
35,305
35,161
35,421
35,365
182,510
182,85
182,190
182,148
182,357
182,37
182,10
182,135
182,105
182,23
182,413
182,168
182,305
182,161
182,421
182,365
182,451
182,216
182,318
182,502
182,437
182,543
182,27
182,561
182,524
182,593
182,132
182,288
182,15
182,257
456,305
456,161
456,421
456,365
456,543
251,305
251,161
251,421
251,365
251,386
251,565
251,491
251,183
251,447
251,540
312,254
312,337
254,312
254,562
337,312
337,562
337,376
337,500
337,183
337,565
337,491
337,447
337,540
467,550
467,403
467,149
467,226
467,133
467,297
467,571
467,52
467,46
467,320
467,415
467,474
467,590
467,503
467,536
467,232
467,183
467,552
467,237
467,409
467,444
467,240
467,553
467,604
467,308
467,267
467,360
467,127
467,490
467,101
467,501
467,298
467,558
467,288
467,341
467,347
467,504
550,467
403,467
591,178
591,112
591,175
591,419
591,435
591,385
591,270
591,378
591,61
591,599
591,56
591,253
591,153
591,83
591,160
591,518
591,464
591,46
591,207
591,139
591,408
591,191
591,42
465,139
465,408
465,23
445,139
445,408
121,178
121,112
121,175
121,419
121,435
121,385
121,270
121,378
121,61
121,599
121,56
121,253
121,153
121,83
121,160
121,518
121,464
121,46
121,207
121,139
121,408
121,191
121,42
98,139
98,408
98,319
139,178
139,112
139,175
139,419
139,435
139,385
139,270
139,378
139,61
139,599
139,56
139,253
139,153
139,83
139,160
139,518
139,464
139,46
139,207
139,591
139,465
139,445
139,121
139,98
139,417
139,308
139,479
139,41
139,522
139,145
139,156
139,523
139,498
139,218
417,139
417,408
417,173
417,379
417,152
417,97
417,31
417,295
417,506
417,604
417,308
417,267
417,360
417,127
417,490
417,101
417,501
417,298
417,558
417,288
417,341
417,347
417,504
308,139
308,408
308,360
308,340
308,540
308,571
308,386
308,565
308,449
308,252
308,258
308,517
308,417
308,371
308,482
308,574
308,49
308,351
308,336
308,584
308,467
378,510
378,85
378,190
378,148
378,357
378,37
378,10
378,135
378,105
378,23
378,413
378,168
378,529
378,591
378,121
378,139
378,275
378,339
378,73
378,452
378,209
378,334
378,408
378,68
378,505
378,372
378,263
378,213
378,141
378,602
378,230
378,102
479,139
479,408
41,510
41,85
41,190
41,148
41,357
41,37
41,10
41,135
41,105
41,23
41,413
41,168
41,139
41,408
522,139
522,408
522,585
408,591
408,465
408,445
408,121
408,98
408,417
408,308
408,378
408,479
408,41
408,522
408,145
408,156
408,523
408,498
408,590
408,503
408,536
408,232
408,183
408,552
408,237
408,409
145,139
145,408
523,139
523,408
498,139
498,408
419,529
419,591
419,121
419,139
419,275
419,339
419,73
419,452
419,209
419,334
419,130
419,350
419,161
419,572
419,82
419,285
385,529
385,591
385,121
385,139
385,275
385,339
385,73
385,452
385,209
385,334
270,529
270,591
270,121
270,139
270,275
270,339
270,73
270,452
270,209
270,334
270,356
270,218
275,178
275,112
275,175
275,419
275,435
275,385
275,270
275,378
275,61
275,599
275,56
275,253
275,153
275,83
275,160
275,518
275,464
275,46
275,207
339,178
339,112
339,175
339,419
339,435
339,385
339,270
339,378
339,61
339,599
339,56
339,253
339,153
339,83
339,160
339,518
339,464
339,46
339,207
61,529
61,591
61,121
61,139
61,275
61,339
61,73
61,452
61,209
61,334
217,510
217,85
217,190
217,148
217,357
217,37
217,10
217,135
217,105
217,23
217,413
217,168
458,510
458,85
458,190
458,148
458,357
458,37
458,10
458,135
458,105
458,23
458,413
458,168
458,401
458,543
320,510
320,85
320,190
320,148
320,357
320,37
320,10
320,135
320,105
320,23
320,413
320,168
320,395
320,161
320,467
320,134
320,224
320,81
320,130
320,350
320,572
320,82
320,285
320,545
320,17
320,109
516,510
516,85
516,190
516,148
516,357
516,37
516,10
516,135
516,105
516,23
516,413
516,168
327,510
327,85
327,190
327,148
327,357
327,37
327,10
327,135
327,105
327,23
327,413
327,168
327,590
327,503
327,536
327,232
327,183
327,552
327,237
327,409
327,601
327,504
327,271
327,341
327,31
327,496
327,490
327,250
327,150
327,400
327,506
327,384
327,446
327,252
327,540
327,579
327,495
327,321
327,570
401,510
401,85
401,190
401,148
401,357
401,37
401,10
401,135
401,105
401,23
401,413
401,168
401,458
401,381
0,510
0,85
0,190
0,148
0,357
0,37
0,10
0,135
0,105
0,23
0,413
0,168
0,543
105,272
105,277
105,435
105,4
105,246
105,33
105,579
105,66
105,113
105,541
105,462
105,236
105,562
105,177
105,389
105,156
105,182
105,217
105,458
105,320
105,516
105,327
105,401
105,378
105,170
105,428
105,0
105,29
105,46
105,500
105,62
105,41
105,73
105,56
105,169
105,118
105,203
105,592
105,3
105,207
105,568
105,6
105,460
105,153
29,510
29,85
29,190
29,148
29,357
29,37
29,10
29,135
29,105
29,23
29,413
29,168
23,272
23,277
23,435
23,4
23,246
23,33
23,579
23,66
23,113
23,541
23,462
23,236
23,562
23,177
23,389
23,156
23,182
23,217
23,458
23,320
23,516
23,327
23,401
23,378
23,170
23,428
23,0
23,29
23,46
23,500
23,62
23,41
23,73
23,56
23,169
23,118
23,203
23,592
23,3
23,207
23,568
23,6
23,460
23,153
23,181
23,465
46,510
46,85
46,190
46,148
46,357
46,37
46,10
46,135
46,105
46,23
46,413
46,168
46,529
46,591
46,121
46,139
46,275
46,339
46,73
46,452
46,209
46,334
46,395
46,161
46,467
46,134
46,224
46,81
46,91
46,164
46,535
46,362
46,352
46,186
46,544
46,288
46,328
46,80
46,65
500,510
500,85
500,190
500,148
500,357
500,37
500,10
500,135
500,105
500,23
500,413
500,168
500,316
500,337
500,246
585,396
585,522
585,133
585,442
585,250
585,477
585,262
585,28
396,585
28,585
233,543
30,543
20,173
20,379
20,152
20,97
20,31
20,295
20,506
133,585
133,209
133,310
133,395
133,161
133,467
133,134
133,224
133,81
381,401
181,23
181,218
162,297
162,34
162,590
162,503
162,536
162,232
162,183
162,552
162,237
162,409
130,297
130,34
130,178
130,507
130,433
130,50
130,320
130,322
130,459
130,249
130,419
130,296
130,120
130,309
34,225
34,162
34,130
34,242
34,292
34,91
34,505
34,402
34,328
34,70
34,600
34,100
34,219
34,605
34,198
34,556
34,144
34,306
34,66
437,475
437,26
437,432
437,214
437,542
437,329
437,274
437,182
437,349
437,207
437,250
502,475
502,26
502,432
502,214
502,542
502,329
502,274
502,182
502,349
502,207
502,250
502,601
502,504
26,437
26,502
26,242
26,292
26,91
26,505
26,402
26,328
26,70
26,600
26,100
26,219
26,605
26,198
26,556
26,144
26,306
26,66
432,451
432,216
432,318
432,161
432,502
432,437
216,432
216,214
216,542
216,329
216,274
216,475
216,182
216,349
216,207
216,250
214,451
214,216
214,318
214,161
214,502
214,437
542,451
542,216
542,318
542,161
542,502
542,437
542,356
542,543
329,451
329,216
329,318
329,161
329,502
329,437
329,188
329,76
329,540
318,432
318,214
318,542
318,329
318,274
318,475
318,182
318,349
318,207
318,250
274,451
274,216
274,318
274,161
274,502
274,437
274,39
274,605
274,505
274,289
274,525
274,368
349,451
349,216
349,318
349,161
349,502
349,437
209,178
209,112
209,175
209,419
209,435
209,385
209,270
209,378
209,61
209,599
209,56
209,253
209,153
209,83
209,160
209,518
209,464
209,46
209,207
209,133
310,133
395,149
395,226
395,133
395,297
395,571
395,52
395,46
395,320
395,415
395,474
149,395
149,161
149,467
149,134
149,224
149,81
226,395
226,161
226,467
226,134
226,224
226,81
134,149
134,226
134,133
134,297
134,571
134,52
134,46
134,320
134,415
134,474
571,395
571,161
571,467
571,134
571,224
571,81
571,390
571,231
571,472
571,603
571,308
571,155
571,283
571,183
52,395
52,161
52,467
52,134
52,224
52,81
224,149
224,226
224,133
224,297
224,571
224,52
224,46
224,320
224,415
224,474
415,395
415,161
415,467
415,134
415,224
415,81
474,395
474,161
474,467
474,134
474,224
474,81
474,218
507,130
507,350
507,161
507,572
507,82
507,285
50,130
50,350
50,161
50,572
50,82
50,285
350,178
350,507
350,433
350,50
350,320
350,322
350,459
350,249
350,419
350,296
350,120
350,309
322,130
322,350
322,161
322,572
322,82
322,285
322,264
322,272
322,332
322,412
459,130
459,350
459,161
459,572
459,82
459,285
572,178
572,507
572,433
572,50
572,320
572,322
572,459
572,249
572,419
572,296
572,120
572,309
572,543
249,130
249,350
249,161
249,572
249,82
249,285
82,178
82,507
82,433
82,50
82,320
82,322
82,459
82,249
82,419
82,296
82,120
82,309
296,130
296,350
296,161
296,572
296,82
296,285
285,178
285,507
285,433
285,50
285,320
285,322
285,459
285,249
285,419
285,296
285,120
285,309
120,130
120,350
120,161
120,572
120,82
120,285
309,130
309,350
309,161
309,572
309,82
309,285
599,529
599,591
599,121
599,139
599,275
599,339
599,73
599,452
599,209
599,334
56,510
56,85
56,190
56,148
56,357
56,37
56,10
56,135
56,105
56,23
56,413
56,168
56,529
56,591
56,121
56,139
56,275
56,339
56,73
56,452
56,209
56,334
253,529
253,591
253,121
253,139
253,275
253,339
253,73
253,452
253,209
253,334
253,463
253,36
253,163
253,505
253,201
253,91
253,183
153,510
153,85
153,190
153,148
153,357
153,37
153,10
153,135
153,105
153,23
153,413
153,168
153,529
153,591
153,121
153,139
153,275
153,339
153,73
153,452
153,209
153,334
83,529
83,591
83,121
83,139
83,275
83,339
83,73
83,452
83,209
83,334
73,510
73,85
73,190
73,148
73,357
73,37
73,10
73,135
73,105
73,23
73,413
73,168
73,178
73,112
73,175
73,419
73,435
73,385
73,270
73,378
73,61
73,599
73,56
73,253
73,153
73,83
73,160
73,518
73,464
73,46
73,207
160,529
160,591
160,121
160,139
160,275
160,339
160,73
160,452
160,209
160,334
452,178
452,112
452,175
452,419
452,435
452,385
452,270
452,378
452,61
452,599
452,56
452,253
452,153
452,83
452,160
452,518
452,464
452,46
452,207
518,529
518,591
518,121
518,139
518,275
518,339
518,73
518,452
518,209
518,334
464,529
464,591
464,121
464,139
464,275
464,339
464,73
464,452
464,209
464,334
334,178
334,112
334,175
334,419
334,435
334,385
334,270
334,378
334,61
334,599
334,56
334,253
334,153
334,83
334,160
334,518
334,464
334,46
334,207
62,510
62,85
62,190
62,148
62,357
62,37
62,10
62,135
62,105
62,23
62,413
62,168
169,510
169,85
169,190
169,148
169,357
169,37
169,10
169,135
169,105
169,23
169,413
169,168
118,510
118,85
118,190
118,148
118,357
118,37
118,10
118,135
118,105
118,23
118,413
118,168
413,272
413,277
413,435
413,4
413,246
413,33
413,579
413,66
413,113
413,541
413,462
413,236
413,562
413,177
413,389
413,156
413,182
413,217
413,458
413,320
413,516
413,327
413,401
413,378
413,170
413,428
413,0
413,29
413,46
413,500
413,62
413,41
413,73
413,56
413,169
413,118
413,203
413,592
413,3
413,207
413,568
413,6
413,460
413,153
3,510
3,85
3,190
3,148
3,357
3,37
3,10
3,135
3,105
3,23
3,413
3,168
568,510
568,85
568,190
568,148
568,357
568,37
568,10
568,135
568,105
568,23
568,413
568,168
6,510
6,85
6,190
6,148
6,357
6,37
6,10
6,135
6,105
6,23
6,413
6,168
460,510
460,85
460,190
460,148
460,357
460,37
460,10
460,135
460,105
460,23
460,413
460,168
168,272
168,277
168,435
168,4
168,246
168,33
168,579
168,66
168,113
168,541
168,462
168,236
168,562
168,177
168,389
168,156
168,182
168,217
168,458
168,320
168,516
168,327
168,401
168,378
168,170
168,428
168,0
168,29
168,46
168,500
168,62
168,41
168,73
168,56
168,169
168,118
168,203
168,592
168,3
168,207
168,568
168,6
168,460
168,153
442,585
442,557
442,492
442,441
442,575
442,364
442,76
442,444
442,240
442,553
442,369
442,273
442,283
442,589
442,517
442,463
442,36
442,163
442,505
442,201
442,91
477,585
262,585
481,356
300,356
300,161
300,600
300,185
411,356
72,538
72,63
72,347
72,540
376,135
376,316
376,337
376,246
376,8
376,106
376,565
376,360
376,154
316,376
316,500
319,98
511,161
511,191
511,42
9,161
377,161
377,543
470,543
470,183
543,182
543,30
543,456
543,233
543,470
543,178
543,377
543,297
543,572
543,0
543,277
543,183
543,84
543,11
543,335
543,117
543,406
543,458
543,199
543,508
543,542
543,189
84,543
11,543
335,543
335,218
335,44
335,505
335,359
335,545
335,172
335,70
335,314
335,553
335,380
335,171
335,370
117,543
406,543
406,191
406,42
508,543
600,297
600,300
600,34
600,74
600,26
600,440
600,192
185,297
185,300
185,191
185,42
185,590
185,503
185,536
185,232
185,183
185,552
185,237
185,409
302,191
302,42
191,591
191,511
191,406
191,302
191,185
191,143
191,497
191,578
191,146
191,478
191,278
191,121
143,191
143,42
497,191
497,42
42,591
42,511
42,406
42,302
42,185
42,143
42,497
42,578
42,146
42,478
42,278
42,121
578,191
578,42
578,39
578,605
578,505
578,289
578,525
578,368
578,31
578,506
146,191
146,42
478,191
478,42
418,369
418,273
418,283
418,589
418,517
361,173
361,379
361,152
361,97
361,31
361,295
361,506
361,540
361,265
361,494
361,126
361,448
361,180
503,301
503,422
503,162
503,467
503,375
503,185
503,259
503,206
503,55
503,39
503,221
503,327
503,58
503,438
503,450
503,545
503,283
503,40
503,286
503,382
503,535
503,408
503,91
503,164
503,362
503,352
503,186
503,544
503,288
503,328
503,80
503,65
379,218
379,315
379,429
379,362
379,361
379,417
379,20
379,259
379,43
379,69
379,564
379,567
379,5
379,102
379,17
379,49
379,283
379,483
379,358
379,455
379,204
379,352
386,218
386,308
386,251
386,315
386,32
386,496
386,326
386,288
218,75
218,379
218,433
218,386
218,474
218,603
218,139
218,270
218,335
218,499
218,181
580,167
580,605
580,21
580,273
580,222
580,97
580,426
580,496
580,154
580,47
580,404
580,565
580,183
393,167
393,605
119,167
119,605
119,252
119,298
119,492
119,515
119,369
119,273
119,283
119,589
119,517
119,271
119,341
119,31
119,496
119,490
119,250
119,150
119,400
119,506
119,384
119,446
276,167
276,605
577,167
577,605
114,167
114,605
76,167
76,605
76,27
76,535
76,343
76,259
76,80
76,283
76,442
76,559
76,434
76,582
76,315
76,329
76,457
76,57
76,574
76,332
76,412
605,603
605,580
605,393
605,119
605,276
605,577
605,114
605,76
605,274
605,92
605,220
605,281
605,578
605,298
605,426
605,243
605,475
605,59
605,34
605,74
605,26
605,440
605,192
605,31
605,506
590,301
590,422
590,162
590,467
590,375
590,185
590,259
590,206
590,55
590,39
590,221
590,327
590,58
590,438
590,450
590,545
590,283
590,40
590,286
590,382
590,535
590,408
536,301
536,422
536,162
536,467
536,375
536,185
536,259
536,206
536,55
536,39
536,221
536,327
536,58
536,438
536,450
536,545
536,283
536,40
536,286
536,382
536,535
536,408
536,463
536,36
536,163
536,505
536,201
536,91
232,301
232,422
232,162
232,467
232,375
232,185
232,259
232,206
232,55
232,39
232,221
232,327
232,58
232,438
232,450
232,545
232,283
232,40
232,286
232,382
232,535
232,408
232,27
232,86
232,67
232,196
301,590
301,503
301,536
301,232
301,183
301,552
301,237
301,409
422,590
422,503
422,536
422,232
422,183
422,552
422,237
422,409
375,590
375,503
375,536
375,232
375,183
375,552
375,237
375,409
259,590
259,503
259,536
259,232
259,183
259,552
259,237
259,409
259,557
259,492
259,441
259,575
259,364
259,76
259,173
259,379
259,152
259,97
259,31
259,295
259,506
259,269
259,363
259,154
259,509
259,57
259,290
259,15
259,252
206,590
206,503
206,536
206,232
206,183
206,552
206,237
206,409
55,590
55,503
55,536
55,232
55,183
55,552
55,237
55,409
39,590
39,503
39,536
39,232
39,183
39,552
39,237
39,409
39,274
39,92
39,220
39,281
39,578
39,298
39,426
39,243
39,475
39,59
221,590
221,503
221,536
221,232
221,183
221,552
221,237
221,409
58,590
58,503
58,536
58,232
58,183
58,552
58,237
58,409
438,590
438,503
438,536
438,232
438,183
438,552
438,237
438,409
450,590
450,503
450,536
450,232
450,183
450,552
450,237
450,409
545,590
545,503
545,536
545,232
545,183
545,552
545,237
545,409
545,269
545,363
545,154
545,509
545,57
545,290
545,15
545,252
545,335
545,587
545,495
545,227
545,321
545,596
545,506
545,601
545,504
545,540
545,320
545,588
545,423
545,383
545,534
545,579
545,570
283,590
283,503
283,536
283,232
283,183
283,552
283,237
283,409
283,557
283,492
283,441
283,575
283,364
283,76
283,360
283,340
283,540
283,571
283,252
283,298
283,515
283,8
283,106
283,565
283,154
283,173
283,379
283,152
283,97
283,31
283,295
283,506
283,141
283,51
283,442
283,293
283,418
283,119
283,602
283,269
283,363
283,509
283,57
283,290
283,15
283,271
283,341
283,496
283,490
283,250
283,150
283,400
283,384
283,446
283,449
283,125
283,32
283,563
283,14
283,255
40,590
40,503
40,536
40,232
40,183
40,552
40,237
40,409
40,495
40,501
40,290
40,298
40,268
40,448
40,565
40,532
40,31
40,506
552,301
552,422
552,162
552,467
552,375
552,185
552,259
552,206
552,55
552,39
552,221
552,327
552,58
552,438
552,450
552,545
552,283
552,40
552,286
552,382
552,535
552,408
237,301
237,422
237,162
237,467
237,375
237,185
237,259
237,206
237,55
237,39
237,221
237,327
237,58
237,438
237,450
237,545
237,283
237,40
237,286
237,382
237,535
237,408
286,590
286,503
286,536
286,232
286,183
286,552
286,237
286,409
409,301
409,422
409,162
409,467
409,375
409,185
409,259
409,206
409,55
409,39
409,221
409,327
409,58
409,438
409,450
409,545
409,283
409,40
409,286
409,382
409,535
409,408
382,590
382,503
382,536
382,232
382,183
382,552
382,237
382,409
535,590
535,503
535,536
535,232
535,183
535,552
535,237
535,409
535,557
535,492
535,441
535,575
535,364
535,76
535,208
535,404
535,46
535,551
535,87
535,78
535,21
535,273
535,222
535,97
535,426
535,496
535,154
535,47
535,565
535,280
535,271
535,341
535,31
535,490
535,250
535,150
535,400
535,506
535,384
535,446
535,252
505,274
505,92
505,220
505,281
505,578
505,298
505,426
505,243
505,475
505,59
505,34
505,74
505,26
505,440
505,192
505,21
505,273
505,222
505,97
505,496
505,154
505,47
505,404
505,565
505,280
505,412
505,538
505,494
505,540
505,31
505,124
505,335
505,587
505,269
505,495
505,227
505,321
505,596
505,506
505,15
505,601
505,504
505,183
505,267
505,443
505,423
505,536
505,173
505,469
505,265
505,442
505,253
505,558
505,284
505,167
505,129
505,137
505,491
505,378
92,39
92,605
92,505
92,289
92,525
92,368
289,274
289,92
289,220
289,281
289,578
289,298
289,426
289,243
289,475
289,59
220,39
220,605
220,505
220,289
220,525
220,368
525,274
525,92
525,220
525,281
525,578
525,298
525,426
525,243
525,475
525,59
281,39
281,605
281,505
281,289
281,525
281,368
368,274
368,92
368,220
368,281
368,578
368,298
368,426
368,243
368,475
368,59
298,39
298,605
298,505
298,289
298,525
298,368
298,95
298,291
298,12
298,315
298,119
298,88
298,567
298,283
298,163
298,420
298,40
298,215
298,561
298,370
298,359
298,417
298,371
298,482
298,574
298,49
298,351
298,336
298,584
298,467
298,174
298,466
298,54
298,45
298,473
298,111
298,489
298,164
426,39
426,605
426,505
426,289
426,525
426,368
426,535
426,580
426,27
426,80
426,164
426,242
426,581
426,223
426,324
426,288
426,228
426,22
426,559
426,17
426,19
426,282
426,54
426,549
426,231
426,5
426,261
426,151
243,39
243,605
243,505
243,289
243,525
243,368
59,39
59,605
59,505
59,289
59,525
59,368
242,34
242,74
242,26
242,440
242,192
242,21
242,273
242,222
242,97
242,426
242,496
242,154
242,47
242,404
242,565
242,412
242,538
242,494
242,540
242,31
242,124
74,242
74,292
74,91
74,505
74,402
74,328
74,70
74,600
74,100
74,219
74,605
74,198
74,556
74,144
74,306
74,66
91,34
91,74
91,26
91,440
91,192
91,208
91,404
91,46
91,551
91,87
91,503
91,78
91,31
91,606
91,103
91,183
91,267
91,443
91,423
91,536
91,173
91,469
91,265
91,442
91,253
91,558
91,284
91,167
91,129
402,34
402,74
402,26
402,440
402,192
328,34
328,74
328,26
328,440
328,192
328,208
328,404
328,46
328,551
328,87
328,503
328,78
328,565
328,449
328,252
328,540
328,31
328,506
70,34
70,74
70,26
70,440
70,192
70,335
70,587
70,269
70,495
70,227
70,321
70,596
70,506
70,154
70,15
70,601
70,504
70,540
100,34
100,74
100,26
100,440
100,192
440,242
440,292
440,91
440,505
440,402
440,328
440,70
440,600
440,100
440,219
440,605
440,198
440,556
440,144
440,306
440,66
219,34
219,74
219,26
219,440
219,192
219,601
219,504
219,271
219,341
219,31
219,496
219,490
219,250
219,150
219,400
219,506
219,384
219,446
219,252
198,34
198,74
198,26
198,440
198,192
556,34
556,74
556,26
556,440
556,192
144,34
144,74
144,26
144,440
144,192
306,34
306,74
306,26
306,440
306,192
306,271
306,341
306,31
306,496
306,490
306,250
306,150
306,400
306,506
306,384
306,446
306,252
192,242
192,292
192,91
192,505
192,402
192,328
192,70
192,600
192,100
192,219
192,605
192,198
192,556
192,144
192,306
192,66
22,21
22,273
22,222
22,97
22,426
22,496
22,154
22,47
22,404
22,565
264,322
27,557
27,492
27,441
27,575
27,364
27,76
27,387
27,232
27,235
27,367
27,21
27,273
27,222
27,97
27,426
27,496
27,154
27,47
27,404
27,565
27,506
27,269
27,151
27,490
27,540
27,31
27,606
27,103
27,197
27,238
27,8
27,106
27,360
27,538
27,63
27,347
27,491
27,183
27,447
27,321
27,207
27,534
27,182
27,346
27,194
27,159
557,27
557,535
557,343
557,259
557,80
557,283
557,442
557,559
557,434
557,582
343,557
343,492
343,441
343,575
343,364
343,76
343,183
343,565
343,491
343,447
343,540
492,27
492,535
492,343
492,259
492,80
492,283
492,442
492,559
492,86
492,67
492,196
492,95
492,291
492,12
492,315
492,119
492,88
492,567
492,163
492,420
441,27
441,535
441,343
441,259
441,80
441,283
441,442
441,559
441,86
441,67
441,196
80,557
80,492
80,441
80,575
80,364
80,76
80,208
80,404
80,46
80,551
80,87
80,503
80,78
80,21
80,273
80,222
80,97
80,426
80,496
80,154
80,47
80,565
575,27
575,535
575,343
575,259
575,80
575,283
575,442
575,559
364,27
364,535
364,343
364,259
364,80
364,283
364,442
364,559
559,557
559,492
559,441
559,575
559,364
559,76
559,21
559,273
559,222
559,97
559,426
559,496
559,154
559,47
559,404
559,565
559,540
559,579
559,495
559,321
559,570
387,27
387,86
387,67
387,196
387,362
387,38
387,388
387,210
387,287
86,492
86,387
86,232
86,235
86,441
86,367
67,492
67,387
67,232
67,235
67,441
67,367
67,49
67,483
67,358
67,429
67,455
67,204
67,352
235,27
235,86
235,67
235,196
367,27
367,86
367,67
367,196
164,208
164,404
164,46
164,551
164,87
164,503
164,78
164,21
164,273
164,222
164,97
164,426
164,496
164,154
164,47
164,565
164,506
164,269
164,151
164,490
164,540
164,298
164,579
164,495
164,321
164,570
164,491
164,183
164,447
362,208
362,404
362,46
362,551
362,87
362,503
362,78
362,387
362,173
362,379
362,152
362,97
362,31
362,295
362,506
362,49
362,483
362,358
362,429
362,455
362,204
362,352
352,208
352,404
352,46
352,551
352,87
352,503
352,78
352,260
352,150
352,379
352,14
352,67
352,362
352,13
352,15
352,288
186,208
186,404
186,46
186,551
186,87
186,503
186,78
208,91
208,164
208,535
208,362
208,352
208,186
208,544
208,288
208,328
208,80
208,65
404,91
404,164
404,535
404,362
404,352
404,186
404,544
404,288
404,328
404,80
404,65
404,505
404,580
404,27
404,242
404,581
404,223
404,324
404,228
404,22
404,559
544,208
544,404
544,46
544,551
544,87
544,503
544,78
288,208
288,404
288,46
288,551
288,87
288,503
288,78
288,21
288,273
288,222
288,97
288,426
288,496
288,154
288,47
288,565
288,386
288,269
288,363
288,509
288,57
288,290
288,15
288,252
288,417
288,371
288,482
288,574
288,49
288,351
288,336
288,584
288,467
288,31
288,506
288,483
288,358
288,429
288,455
288,204
288,352
288,182
288,346
288,347
288,194
288,159
551,91
551,164
551,535
551,362
551,352
551,186
551,544
551,288
551,328
551,80
551,65
551,49
551,483
551,358
551,429
551,455
551,204
87,91
87,164
87,535
87,362
87,352
87,186
87,544
87,288
87,328
87,80
87,65
78,91
78,164
78,535
78,362
78,352
78,186
78,544
78,288
78,328
78,80
78,65
65,208
65,404
65,46
65,551
65,87
65,503
65,78
65,565
65,491
65,183
65,447
65,540
65,321
65,506
65,207
65,496
65,534
21,535
21,505
21,580
21,27
21,80
21,164
21,242
21,581
21,223
21,324
21,288
21,228
21,22
21,559
273,535
273,505
273,580
273,27
273,80
273,164
273,242
273,581
273,223
273,324
273,288
273,228
273,22
273,559
273,141
273,51
273,442
273,293
273,418
273,119
273,602
222,535
222,505
222,580
222,27
222,80
222,164
222,242
222,581
222,223
222,324
222,288
222,228
222,22
222,559
97,535
97,505
97,580
97,27
97,80
97,164
97,242
97,581
97,223
97,324
97,288
97,228
97,22
97,559
97,315
97,429
97,362
97,361
97,417
97,20
97,259
97,43
97,69
97,564
97,567
97,5
97,102
97,17
97,49
97,283
496,535
496,505
496,580
496,27
496,80
496,164
496,242
496,581
496,223
496,324
496,288
496,228
496,22
496,559
496,386
496,119
496,90
496,554
496,370
496,436
496,597
496,219
496,327
496,283
496,306
496,531
496,287
496,526
496,174
496,466
496,54
496,45
496,473
496,111
496,489
496,427
496,104
496,65
496,241
496,5
496,19
496,374
496,369
581,21
581,273
581,222
581,97
581,426
581,496
581,154
581,47
581,404
581,565
223,21
223,273
223,222
223,97
223,426
223,496
223,154
223,47
223,404
223,565
223,197
223,238
223,532
154,535
154,505
154,580
154,27
154,80
154,164
154,242
154,581
154,223
154,324
154,288
154,228
154,22
154,559
154,280
154,283
154,16
154,480
154,410
154,376
154,547
154,346
154,545
154,167
154,259
154,195
154,345
154,36
154,405
154,561
154,468
154,546
154,369
154,5
154,93
154,102
154,454
154,44
154,359
154,172
154,70
154,314
154,553
154,380
154,171
324,21
324,273
324,222
324,97
324,426
324,496
324,154
324,47
324,404
324,565
47,535
47,505
47,580
47,27
47,80
47,164
47,242
47,581
47,223
47,324
47,288
47,228
47,22
47,559
228,21
228,273
228,222
228,97
228,426
228,496
228,154
228,47
228,404
228,565
565,535
565,505
565,580
565,27
565,80
565,164
565,242
565,581
565,223
565,324
565,288
565,228
565,22
565,559
565,280
565,283
565,16
565,480
565,410
565,376
565,547
565,346
565,239
565,293
565,521
565,463
565,36
565,331
565,601
565,504
565,40
565,215
565,561
565,370
565,357
565,308
565,328
565,174
565,380
565,595
565,96
565,430
565,290
565,359
565,202
565,251
565,427
565,343
565,94
565,399
565,65
565,337
565,122
565,333
239,412
239,538
239,565
239,494
239,540
239,31
239,124
18,183
213,173
213,137
213,491
213,378
524,538
524,63
524,347
524,540
524,601
524,504
524,182
524,346
524,194
524,159
574,188
574,76
574,540
574,604
574,308
574,267
574,360
574,127
574,490
574,101
574,501
574,298
574,558
574,288
574,341
574,347
574,504
574,183
90,271
90,341
90,31
90,496
90,490
90,250
90,150
90,400
90,506
90,384
90,446
90,252
369,141
369,51
369,442
369,293
369,418
369,119
369,602
369,269
369,363
369,154
369,509
369,57
369,290
369,15
369,252
369,321
369,506
369,207
369,496
369,534
36,53
36,587
36,384
36,530
36,347
36,412
36,538
36,565
36,494
36,540
36,31
36,124
36,269
36,363
36,154
36,509
36,57
36,290
36,15
36,252
36,183
36,267
36,443
36,423
36,536
36,173
36,469
36,265
36,442
36,253
36,558
36,284
36,167
36,129
36,491
36,447
19,506
19,269
19,151
19,426
19,490
19,540
19,321
19,207
19,496
19,534
455,260
455,150
455,551
455,379
455,14
455,67
455,362
455,13
455,15
455,288
234,280
589,141
589,51
589,442
589,293
589,418
589,119
589,602
589,183
351,604
351,308
351,267
351,360
351,127
351,490
351,101
351,501
351,298
351,558
351,288
351,341
351,347
351,504
569,538
569,63
569,347
569,540
17,506
17,269
17,151
17,426
17,490
17,540
17,173
17,379
17,152
17,97
17,31
17,295
17,320
17,588
17,423
17,383
17,534
506,17
506,164
506,27
506,19
506,282
506,54
506,549
506,231
506,5
506,315
506,429
506,362
506,361
506,417
506,20
506,259
506,43
506,69
506,564
506,567
506,102
506,49
506,283
506,44
506,505
506,359
506,545
506,172
506,70
506,314
506,553
506,380
506,171
506,119
506,535
506,90
506,554
506,370
506,436
506,597
506,219
506,327
506,306
506,531
506,287
506,526
506,40
506,328
506,94
506,521
506,372
506,68
506,116
506,122
506,123
506,578
506,605
506,514
506,288
506,427
506,104
506,65
506,241
506,374
506,369
506,151
269,17
269,164
269,27
269,19
269,282
269,54
269,549
269,231
269,5
269,545
269,283
269,167
269,259
269,195
269,345
269,36
269,405
269,561
269,468
269,546
269,369
269,93
269,102
269,288
269,454
269,110
269,560
269,44
269,505
269,359
269,172
269,70
269,314
269,553
269,380
269,171
269,151
151,17
151,164
151,27
151,19
151,282
151,54
151,549
151,231
151,5
151,506
151,269
151,426
151,490
282,506
282,269
282,151
282,426
282,490
282,540
54,506
54,269
54,151
54,426
54,490
54,540
54,31
54,496
54,298
549,506
549,269
549,151
549,426
549,490
549,540
231,506
231,269
231,151
231,426
231,490
231,540
231,360
231,340
231,571
5,506
5,269
5,151
5,426
5,490
5,540
5,173
5,379
5,152
5,97
5,31
5,295
5,363
5,154
5,509
5,57
5,290
5,15
5,252
5,183
5,321
5,207
5,496
5,534
490,17
490,164
490,27
490,19
490,282
490,54
490,549
490,231
490,5
490,119
490,535
490,90
490,554
490,370
490,436
490,597
490,219
490,327
490,283
490,306
490,531
490,287
490,526
490,417
490,371
490,482
490,574
490,49
490,351
490,336
490,584
490,467
490,151
540,17
540,164
540,27
540,19
540,282
540,54
540,549
540,231
540,5
540,390
540,472
540,603
540,308
540,155
540,283
540,434
540,582
540,315
540,329
540,457
540,57
540,574
540,31
540,372
540,16
540,72
540,202
540,569
540,263
540,330
540,463
540,279
540,69
540,524
540,361
540,505
540,239
540,293
540,242
540,521
540,36
540,331
540,44
540,359
540,545
540,172
540,70
540,314
540,553
540,380
540,171
540,357
540,328
540,174
540,595
540,96
540,430
540,370
540,290
540,141
540,327
540,559
540,163
540,94
540,561
540,187
540,251
540,427
540,343
540,399
540,65
540,337
540,122
540,333
390,360
390,340
390,540
390,571
360,390
360,231
360,472
360,603
360,308
360,155
360,283
360,280
360,16
360,27
360,480
360,410
360,376
360,547
360,346
360,417
360,371
360,482
360,574
360,49
360,351
360,336
360,584
360,467
340,390
340,231
340,472
340,603
340,308
340,155
340,283
472,360
472,340
472,540
472,571
472,280
155,360
155,340
155,540
155,571
434,540
434,366
434,76
434,332
434,557
582,540
582,366
582,76
582,332
582,557
582,601
582,504
366,434
366,582
332,434
332,582
332,25
332,245
332,530
332,24
332,322
332,76
38,387
388,387
210,387
287,387
287,271
287,341
287,31
287,496
287,490
287,250
287,150
287,400
287,506
287,384
287,446
287,252
315,188
315,76
315,540
315,386
315,252
315,298
315,492
315,515
315,173
315,379
315,152
315,97
315,31
315,295
315,506
457,188
457,76
457,540
188,315
188,329
188,457
188,57
188,574
57,188
57,76
57,540
57,545
57,283
57,167
57,259
57,195
57,345
57,36
57,405
57,561
57,468
57,546
57,369
57,5
57,93
57,102
57,288
57,454
32,386
32,115
32,283
32,539
32,354
32,398
326,386
326,53
326,587
326,384
326,530
326,347
95,252
95,298
95,492
95,515
291,252
291,298
291,492
291,515
291,183
12,252
12,298
12,492
12,515
252,95
252,291
252,12
252,315
252,119
252,88
252,567
252,283
252,163
252,420
252,545
252,167
252,259
252,195
252,345
252,36
252,405
252,561
252,468
252,546
252,369
252,5
252,93
252,102
252,288
252,454
252,535
252,90
252,554
252,370
252,436
252,597
252,219
252,327
252,306
252,531
252,287
252,526
252,357
252,308
252,328
252,174
252,380
252,595
252,96
252,430
252,290
88,252
88,298
88,492
88,515
88,601
88,504
567,252
567,298
567,492
567,515
567,173
567,379
567,152
567,97
567,31
567,295
567,506
515,95
515,291
515,12
515,315
515,119
515,88
515,567
515,283
515,163
515,420
515,293
515,427
163,252
163,298
163,492
163,515
163,31
163,606
163,103
163,183
163,267
163,443
163,423
163,536
163,173
163,469
163,265
163,442
163,253
163,558
163,284
163,167
163,129
163,540
163,579
163,495
163,321
163,570
420,252
420,298
420,492
420,515
94,31
94,506
94,183
94,540
94,579
94,495
94,321
94,570
94,565
94,491
94,447
94,532
240,467
240,165
240,442
240,407
344,183
279,538
279,63
279,347
279,540
601,582
601,502
601,219
601,127
601,524
601,327
601,111
601,405
601,565
601,93
601,88
601,44
601,505
601,359
601,545
601,172
601,70
601,314
601,553
601,380
601,171
159,27
159,561
159,524
159,593
159,132
159,288
159,15
159,257
444,467
444,165
444,442
444,407
165,444
165,240
165,553
553,467
553,165
553,442
553,407
553,335
553,587
553,269
553,495
553,227
553,321
553,596
553,506
553,154
553,15
553,601
553,504
553,540
553,31
553,280
553,446
407,444
407,240
407,553
109,320
109,588
109,423
109,383
109,534
484,183
174,565
174,449
174,252
174,540
174,496
174,298
174,491
174,183
174,447
51,369
51,273
51,283
51,589
51,517
429,173
429,379
429,152
429,97
429,31
429,295
429,506
429,260
429,150
429,551
429,14
429,67
429,362
429,13
429,15
429,288
429,183
15,545
15,283
15,167
15,259
15,195
15,345
15,36
15,405
15,561
15,468
15,546
15,369
15,5
15,93
15,102
15,288
15,454
15,44
15,505
15,359
15,172
15,70
15,314
15,553
15,380
15,171
15,49
15,483
15,358
15,429
15,455
15,204
15,352
15,182
15,346
15,347
15,194
15,159
132,182
132,346
132,347
132,194
132,159
215,495
215,501
215,290
215,298
215,268
215,448
215,565
215,532
129,463
129,36
129,163
129,505
129,201
129,91
473,496
473,298
323,183
204,260
204,150
204,551
204,379
204,14
204,67
204,362
204,13
204,15
204,288
102,173
102,379
102,152
102,97
102,31
102,295
102,506
102,53
102,587
102,384
102,530
102,347
102,269
102,363
102,154
102,509
102,57
102,290
102,15
102,252
102,137
102,491
102,378
517,141
517,51
517,442
517,293
517,418
517,119
517,602
517,308
122,31
122,506
122,565
122,491
122,183
122,447
122,540
606,370
606,91
606,163
606,27
370,31
370,606
370,103
370,271
370,341
370,496
370,490
370,250
370,150
370,400
370,506
370,384
370,446
370,252
370,495
370,501
370,290
370,298
370,268
370,448
370,565
370,532
370,449
370,540
370,199
370,335
370,183
370,598
370,127
370,579
370,321
370,570
31,370
31,91
31,163
31,27
31,538
31,63
31,347
31,540
31,315
31,429
31,362
31,361
31,417
31,20
31,259
31,43
31,69
31,564
31,567
31,5
31,102
31,17
31,49
31,283
31,505
31,239
31,293
31,242
31,521
31,463
31,36
31,331
31,119
31,535
31,90
31,554
31,436
31,597
31,219
31,327
31,306
31,531
31,287
31,526
31,40
31,328
31,94
31,372
31,68
31,116
31,553
31,54
31,122
31,123
31,578
31,605
31,514
31,288
103,370
103,91
103,163
103,27
261,426
261,197
261,238
197,261
197,27
197,223
238,261
238,27
238,223
280,8
280,106
280,565
280,360
280,154
280,554
280,535
280,505
280,234
280,472
280,355
280,553
280,104
280,520
280,128
8,280
8,283
8,16
8,27
8,480
8,410
8,376
8,547
8,346
106,280
106,283
106,16
106,27
106,480
106,410
106,376
106,547
106,346
16,8
16,106
16,565
16,360
16,154
16,538
16,63
16,347
16,540
480,8
480,106
480,565
480,360
480,154
564,173
564,379
564,152
564,97
564,31
564,295
564,506
538,31
538,372
538,16
538,27
538,72
538,202
538,569
538,263
538,330
538,463
538,279
538,69
538,524
538,505
538,239
538,293
538,242
538,521
538,36
538,331
372,538
372,63
372,347
372,540
372,173
372,137
372,491
372,378
372,31
372,506
202,538
202,63
202,347
202,540
202,565
202,491
202,183
202,447
63,31
63,372
63,16
63,27
63,72
63,202
63,569
63,263
63,330
63,463
63,279
63,69
63,524
263,538
263,63
263,347
263,540
263,53
263,587
263,384
263,530
263,173
263,137
263,491
263,378
263,532
347,31
347,372
347,16
347,27
347,72
347,202
347,569
347,263
347,330
347,463
347,279
347,69
347,524
347,548
347,36
347,602
347,317
347,102
347,326
347,417
347,371
347,482
347,574
347,49
347,351
347,336
347,584
347,467
347,561
347,593
347,132
347,288
347,15
347,257
330,538
330,63
330,347
330,540
463,538
463,63
463,347
463,540
463,412
463,565
463,494
463,31
463,124
463,183
463,267
463,443
463,423
463,536
463,173
463,469
463,265
463,442
463,253
463,558
463,284
463,167
463,129
463,532
69,538
69,63
69,347
69,540
69,173
69,379
69,152
69,97
69,31
69,295
69,506
25,332
25,412
245,332
245,412
530,332
530,412
530,548
530,36
530,263
530,602
530,317
530,102
530,326
24,332
24,412
412,25
412,245
412,530
412,24
412,322
412,76
412,505
412,239
412,293
412,242
412,521
412,463
412,36
412,331
152,315
152,429
152,362
152,361
152,417
152,20
152,259
152,43
152,69
152,564
152,567
152,5
152,102
152,17
152,49
152,283
43,173
43,379
43,152
43,97
43,31
43,295
43,506
295,315
295,429
295,362
295,361
295,417
295,20
295,259
295,43
295,69
295,564
295,567
295,5
295,102
295,17
295,49
295,283
49,173
49,379
49,152
49,97
49,31
49,295
49,506
49,604
49,308
49,267
49,360
49,127
49,490
49,101
49,501
49,298
49,558
49,288
49,341
49,347
49,504
49,260
49,150
49,551
49,14
49,67
49,362
49,13
49,15
265,361
265,463
265,36
265,163
265,505
265,201
265,91
494,361
494,505
494,239
494,293
494,242
494,521
494,463
494,36
494,331
126,361
448,361
448,40
448,215
448,561
448,370
180,361
554,280
554,271
554,341
554,31
554,496
554,490
554,250
554,150
554,400
554,506
554,384
554,446
554,252
602,53
602,587
602,384
602,530
602,347
602,369
602,273
602,283
602,589
602,517
602,173
602,137
602,491
602,378
314,335
314,587
314,269
314,495
314,227
314,321
314,596
314,506
314,154
314,15
314,601
314,504
314,540
353,532
548,53
548,587
548,384
548,530
548,347
53,548
53,36
53,263
53,602
53,317
53,102
53,326
587,548
587,36
587,263
587,602
587,317
587,102
587,326
587,44
587,505
587,359
587,545
587,172
587,70
587,314
587,553
587,380
587,171
384,548
384,36
384,263
384,602
384,317
384,102
384,326
384,119
384,535
384,90
384,554
384,370
384,436
384,597
384,219
384,327
384,283
384,306
384,531
384,287
384,526
317,53
317,587
317,384
317,530
317,347
293,412
293,538
293,565
293,494
293,540
293,31
293,124
293,369
293,273
293,283
293,589
293,517
293,99
293,515
521,412
521,538
521,565
521,494
521,540
521,31
521,124
521,506
331,412
331,538
331,565
331,494
331,540
331,31
331,124
331,579
331,495
331,321
331,570
124,505
124,239
124,293
124,242
124,521
124,463
124,36
124,331
141,369
141,273
141,283
141,589
141,517
141,173
141,137
141,491
141,378
141,540
141,579
141,495
141,321
141,570
195,269
195,363
195,154
195,509
195,57
195,290
195,15
195,252
195,183
345,269
345,363
345,154
345,509
345,57
345,290
345,15
345,252
363,545
363,283
363,167
363,259
363,195
363,345
363,36
363,405
363,561
363,468
363,546
363,369
363,5
363,93
363,102
363,288
363,454
405,269
405,363
405,154
405,509
405,57
405,290
405,15
405,252
405,601
405,504
561,269
561,363
561,154
561,509
561,57
561,290
561,15
561,252
561,495
561,501
561,298
561,268
561,448
561,565
561,532
561,540
561,579
561,321
561,570
561,182
561,346
561,347
561,194
561,159
509,545
509,283
509,167
509,259
509,195
509,345
509,36
509,405
509,561
509,468
509,546
509,369
509,5
509,93
509,102
509,288
509,454
468,269
468,363
468,154
468,509
468,57
468,290
468,15
468,252
546,269
546,363
546,154
546,509
546,57
546,290
546,15
546,252
290,545
290,283
290,167
290,259
290,195
290,345
290,36
290,405
290,561
290,468
290,546
290,369
290,5
290,93
290,102
290,288
290,454
290,40
290,215
290,370
290,565
290,449
290,252
290,540
93,269
93,363
93,154
93,509
93,57
93,290
93,15
93,252
93,601
93,504
454,269
454,363
454,154
454,509
454,57
454,290
454,15
454,252
454,183
110,269
560,269
560,532
127,601
127,504
127,359
127,370
127,417
127,371
127,482
127,574
127,49
127,351
127,336
127,584
127,467
111,601
111,504
111,496
111,298
504,582
504,502
504,219
504,127
504,524
504,327
504,111
504,405
504,565
504,93
504,88
504,44
504,505
504,359
504,545
504,172
504,70
504,314
504,553
504,380
504,171
504,417
504,371
504,482
504,574
504,49
504,351
504,336
504,584
504,467
44,335
44,587
44,269
44,495
44,227
44,321
44,596
44,506
44,154
44,15
44,601
44,504
44,540
359,335
359,587
359,269
359,495
359,227
359,321
359,596
359,506
359,154
359,15
359,601
359,504
359,540
359,199
359,565
359,183
359,598
359,298
359,127
172,335
172,587
172,269
172,495
172,227
172,321
172,596
172,506
172,154
172,15
172,601
172,504
172,540
172,183
495,44
495,505
495,359
495,545
495,172
495,70
495,314
495,553
495,380
495,171
495,40
495,215
495,561
495,370
495,355
495,104
495,520
495,128
495,141
495,327
495,559
495,163
495,94
495,164
495,331
495,187
227,44
227,505
227,359
227,545
227,172
227,70
227,314
227,553
227,380
227,171
321,44
321,505
321,359
321,545
321,172
321,70
321,314
321,553
321,380
321,171
321,141
321,327
321,559
321,163
321,94
321,164
321,561
321,331
321,187
321,370
321,427
321,27
321,104
321,65
321,241
321,5
321,19
321,374
321,369
596,44
596,505
596,359
596,545
596,172
596,70
596,314
596,553
596,380
596,171
380,335
380,587
380,269
380,495
380,227
380,321
380,596
380,506
380,154
380,15
380,601
380,504
380,540
380,565
380,449
380,252
171,335
171,587
171,269
171,495
171,227
171,321
171,596
171,506
171,154
171,15
171,601
171,504
171,540
547,8
547,106
547,565
547,360
547,154
346,8
346,106
346,565
346,360
346,154
346,27
346,561
346,524
346,593
346,132
346,288
346,15
346,257
271,119
271,535
271,90
271,554
271,370
271,436
271,597
271,219
271,327
271,283
271,306
271,531
271,287
271,526
341,119
341,535
341,90
341,554
341,370
341,436
341,597
341,219
341,327
341,283
341,306
341,531
341,287
341,526
341,417
341,371
341,482
341,574
341,49
341,351
341,336
341,584
341,467
436,271
436,341
436,31
436,496
436,490
436,250
436,150
436,400
436,506
436,384
436,446
436,252
597,271
597,341
597,31
597,496
597,490
597,250
597,150
597,400
597,506
597,384
597,446
597,252
150,119
150,535
150,90
150,554
150,370
150,436
150,597
150,219
150,327
150,283
150,306
150,531
150,287
150,526
150,49
150,483
150,358
150,429
150,455
150,204
150,352
400,119
400,535
400,90
400,554
400,370
400,436
400,597
400,219
400,327
400,283
400,306
400,531
400,287
400,526
531,271
531,341
531,31
531,496
531,490
531,250
531,150
531,400
531,506
531,384
531,446
531,252
526,271
526,341
526,31
526,496
526,490
526,250
526,150
526,400
526,506
526,384
526,446
526,252
446,119
446,535
446,90
446,554
446,370
446,436
446,597
446,219
446,327
446,283
446,306
446,531
446,287
446,526
446,355
446,553
446,104
446,520
446,128
501,40
501,215
501,561
501,370
501,417
501,371
501,482
501,574
501,49
501,351
501,336
501,584
501,467
268,40
268,215
268,561
268,370
532,40
532,215
532,561
532,370
532,223
532,463
532,94
532,353
532,560
532,263
532,374
595,565
595,449
595,252
595,540
449,357
449,308
449,328
449,174
449,380
449,595
449,96
449,283
449,430
449,370
449,290
96,565
96,449
96,252
96,540
430,565
430,449
430,252
430,540
267,463
267,36
267,163
267,505
267,201
267,91
267,417
267,371
267,482
267,574
267,49
267,351
267,336
267,584
267,467
443,463
443,36
443,163
443,505
443,201
443,91
423,463
423,36
423,163
423,505
423,201
423,91
423,545
423,17
423,109
201,183
201,267
201,443
201,423
201,536
201,173
201,469
201,265
201,442
201,253
201,558
201,284
201,167
201,129
469,463
469,36
469,163
469,505
469,201
469,91
558,463
558,36
558,163
558,505
558,201
558,91
558,417
558,371
558,482
558,574
558,49
558,351
558,336
558,584
558,467
284,463
284,36
284,163
284,505
284,201
284,91
258,308
598,359
598,370
604,417
604,371
604,482
604,574
604,49
604,351
604,336
604,584
604,467
371,604
371,308
371,267
371,360
371,127
371,490
371,101
371,501
371,298
371,558
371,288
371,341
371,347
371,504
482,604
482,308
482,267
482,360
482,127
482,490
482,101
482,501
482,298
482,558
482,288
482,341
482,347
482,504
336,604
336,308
336,267
336,360
336,127
336,490
336,101
336,501
336,298
336,558
336,288
336,341
336,347
336,504
101,417
101,371
101,482
101,574
101,49
101,351
101,336
101,584
101,467
584,604
584,308
584,267
584,360
584,127
584,490
584,101
584,501
584,298
584,558
584,288
584,341
584,347
584,504
68,173
68,137
68,491
68,378
68,31
68,506
137,68
137,505
137,372
137,263
137,213
137,141
137,602
137,230
137,102
230,173
230,137
230,491
230,378
491,68
491,505
491,372
491,263
491,213
491,141
491,602
491,230
491,102
491,202
491,36
491,251
491,27
491,427
491,343
491,164
491,94
491,174
491,399
491,65
491,337
491,122
491,333
116,31
116,506
123,31
123,506
514,31
514,506
514,183
588,545
588,17
588,109
383,545
383,17
383,109
534,545
534,17
534,109
534,427
534,27
534,104
534,65
534,241
534,5
534,19
534,374
534,369
355,495
355,280
355,446
104,495
104,280
104,446
104,321
104,506
104,207
104,496
104,534
520,495
520,280
520,446
128,495
128,280
128,446
260,49
260,483
260,358
260,429
260,455
260,204
260,352
14,49
14,483
14,358
14,429
14,455
14,204
14,352
14,115
14,283
14,539
14,354
14,398
13,49
13,483
13,358
13,429
13,455
13,204
13,352
483,260
483,150
483,551
483,379
483,14
483,67
483,362
483,13
483,15
483,288
358,260
358,150
358,551
358,379
358,14
358,67
358,362
358,13
358,15
358,288
99,293
99,427
427,99
427,515
427,565
427,491
427,183
427,447
427,540
427,321
427,506
427,207
427,496
427,534
466,496
466,298
45,496
45,298
489,496
489,298
60,183
493,183
537,183
354,183
354,125
354,32
354,563
354,14
354,255
187,540
187,579
187,495
187,321
187,570
570,141
570,327
570,545
570,559
570,163
570,94
570,164
570,561
570,331
570,187
570,370
399,565
399,491
399,183
399,447
399,540
447,202
447,36
447,251
447,27
447,427
447,343
447,164
447,94
447,174
447,399
447,65
447,337
447,122
447,333
333,565
333,491
333,183
333,447
333,540
374,532
374,321
374,506
374,207
374,496
374,534
241,321
241,506
241,207
241,496
241,534
593,182
593,346
593,347
593,194
593,159
257,182
257,346
257,347
257,194
257,159
194,27
194,561
194,524
194,593
194,132
194,288
194,15
194,257
115,125
115,32
115,563
115,14
115,255
125,115
125,283
125,539
125,354
125,398
563,115
563,283
563,539
563,354
563,398
539,125
539,32
539,563
539,14
539,255
255,115
255,283
255,539
255,354
255,398
398,125
398,32
398,563
398,14
398,255
