es1,es2
342,233
342,30
342,189
342,458
342,297
342,20
342,158
342,133
311,256
303,373
256,311
373,303
439,435
439,247
435,439
435,247
435,272
435,277
435,4
435,246
435,33
435,579
435,66
435,113
435,541
435,462
435,236
435,562
435,177
435,389
435,156
435,182
435,217
435,458
435,320
435,516
435,327
435,401
435,378
435,170
435,428
435,0
435,29
435,46
435,500
435,62
435,41
435,73
435,56
435,169
435,118
435,203
435,592
435,3
435,207
435,568
435,6
435,460
435,153
435,178
435,112
435,175
435,419
435,385
435,270
435,61
435,599
435,253
435,83
435,160
435,518
435,464
247,439
247,435
212,307
212,193
212,207
307,212
307,193
307,207
193,212
193,307
193,207
207,212
207,307
207,193
207,272
207,277
207,435
207,4
207,246
207,33
207,579
207,66
207,113
207,541
207,462
207,236
207,562
207,177
207,389
207,156
207,182
207,217
207,458
207,320
207,516
207,327
207,401
207,378
207,170
207,428
207,0
207,29
207,46
207,500
207,62
207,41
207,73
207,56
207,169
207,118
207,203
207,592
207,3
207,568
207,6
207,460
207,153
207,178
207,112
207,175
207,419
207,385
207,270
207,61
207,599
207,253
207,83
207,160
207,518
207,464
207,475
207,147
207,499
207,173
207,432
207,214
207,542
207,329
207,274
207,349
207,250
207,321
207,506
207,496
207,534
510,85
510,190
510,148
510,357
510,37
510,10
510,135
510,105
510,23
510,413
510,168
272,277
272,435
272,4
272,246
272,33
272,579
272,66
272,113
272,541
272,462
272,236
272,562
272,177
272,389
272,156
272,182
272,217
272,458
272,320
272,516
272,327
272,401
272,378
272,170
272,428
272,0
272,29
272,46
272,500
272,62
272,41
272,73
272,56
272,169
272,118
272,203
272,592
272,3
272,207
272,568
272,6
272,460
272,153
272,356
272,75
272,250
272,35
272,456
272,251
272,264
277,272
277,435
277,4
277,246
277,33
277,579
277,66
277,113
277,541
277,462
277,236
277,562
277,177
277,389
277,156
277,182
277,217
277,458
277,320
277,516
277,327
277,401
277,378
277,170
277,428
277,0
277,29
277,46
277,500
277,62
277,41
277,73
277,56
277,169
277,118
277,203
277,592
277,3
277,207
277,568
277,6
277,460
277,153
277,30
277,456
277,233
277,470
277,178
277,377
277,297
277,572
277,183
277,84
277,11
277,335
277,117
277,406
277,199
277,508
277,542
277,189
85,510
85,190
85,148
85,357
85,37
85,10
85,135
85,105
85,23
85,413
85,168
190,510
190,85
190,148
190,357
190,37
190,10
190,135
190,105
190,23
190,413
190,168
148,510
148,85
148,190
148,357
148,37
148,10
148,135
148,105
148,23
148,413
148,168
148,278
4,272
4,277
4,435
4,246
4,33
4,579
4,66
4,113
4,541
4,462
4,236
4,562
4,177
4,389
4,156
4,182
4,217
4,458
4,320
4,516
4,327
4,401
4,378
4,170
4,428
4,0
4,29
4,46
4,500
4,62
4,41
4,73
4,56
4,169
4,118
4,203
4,592
4,3
4,207
4,568
4,6
4,460
4,153
357,510
357,85
357,190
357,148
357,37
357,10
357,135
357,105
357,23
357,413
357,168
357,308
357,328
357,174
357,380
357,595
357,96
357,283
357,430
357,370
357,290
246,272
246,277
246,435
246,4
246,33
246,579
246,66
246,113
246,541
246,462
246,236
246,562
246,177
246,389
246,156
246,182
246,217
246,458
246,320
246,516
246,327
246,401
246,378
246,170
246,428
246,0
246,29
246,46
246,500
246,62
246,41
246,73
246,56
246,169
246,118
246,203
246,592
246,3
246,207
246,568
246,6
246,460
246,153
246,135
246,316
246,337
37,510
37,85
37,190
37,148
37,357
37,10
37,135
37,105
37,23
37,413
37,168
519,244
244,519
513,451
451,513
451,216
451,318
451,161
451,502
451,437
178,112
178,175
178,419
178,435
178,385
178,270
178,378
178,61
178,599
178,56
178,253
178,153
178,83
178,160
178,518
178,464
178,46
178,207
178,507
178,433
178,50
178,320
178,322
178,459
178,249
178,296
178,120
178,309
178,182
178,30
178,456
178,233
178,470
178,377
178,297
178,572
178,0
178,277
178,183
178,84
178,11
178,335
178,117
178,406
178,458
178,199
178,508
178,542
178,189
529,591
529,121
529,139
529,275
529,339
529,73
529,452
529,209
529,334
112,178
112,175
112,419
112,435
112,385
112,270
112,378
112,61
112,599
112,56
112,253
112,153
112,83
112,160
112,518
112,464
112,46
112,207
175,178
175,112
175,419
175,435
175,385
175,270
175,378
175,61
175,599
175,56
175,253
175,153
175,83
175,160
175,518
175,464
175,46
175,207
33,272
33,277
33,435
33,4
33,246
33,579
33,66
33,113
33,541
33,462
33,236
33,562
33,177
33,389
33,156
33,182
33,217
33,458
33,320
33,516
33,327
33,401
33,378
33,170
33,428
33,0
33,29
33,46
33,500
33,62
33,41
33,73
33,56
33,169
33,118
33,203
33,592
33,3
33,207
33,568
33,6
33,460
33,153
579,272
579,277
579,435
579,4
579,246
579,33
579,66
579,113
579,541
579,462
579,236
579,562
579,177
579,389
579,156
579,182
579,217
579,458
579,320
579,516
579,327
579,401
579,378
579,170
579,428
579,0
579,29
579,46
579,500
579,62
579,41
579,73
579,56
579,169
579,118
579,203
579,592
579,3
579,207
579,568
579,6
579,460
579,153
579,131
579,409
579,488
579,214
579,506
579,601
579,487
579,159
579,65
579,540
579,495
579,321
579,570
10,510
10,85
10,190
10,148
10,357
10,37
10,135
10,105
10,23
10,413
10,168
10,544
10,40
10,327
10,77
10,95
10,328
10,184
10,589
10,566
10,88
10,369
10,27
10,218
10,294
10,472
10,473
10,418
10,323
10,204
10,102
10,517
10,122
10,606
66,272
66,277
66,435
66,4
66,246
66,33
66,579
66,113
66,541
66,462
66,236
66,562
66,177
66,389
66,156
66,182
66,217
66,458
66,320
66,516
66,327
66,401
66,378
66,170
66,428
66,0
66,29
66,46
66,500
66,62
66,41
66,73
66,56
66,169
66,118
66,203
66,592
66,3
66,207
66,568
66,6
66,460
66,153
66,242
66,292
66,91
66,505
66,402
66,328
66,70
66,600
66,100
66,219
66,605
66,198
66,556
66,144
66,306
113,272
113,277
113,435
113,4
113,246
113,33
113,579
113,66
113,541
113,462
113,236
113,562
113,177
113,389
113,156
113,182
113,217
113,458
113,320
113,516
113,327
113,401
113,378
113,170
113,428
113,0
113,29
113,46
113,500
113,62
113,41
113,73
113,56
113,169
113,118
113,203
113,592
113,3
113,207
113,568
113,6
113,460
113,153
161,476
161,433
161,292
161,225
161,183
161,304
161,199
161,167
161,305
161,421
161,365
161,451
161,216
161,318
161,502
161,437
161,395
161,467
161,134
161,224
161,81
161,130
161,350
161,572
161,82
161,285
313,266
313,299
313,64
313,414
266,313
266,299
266,64
266,414
299,313
299,266
299,64
299,414
64,313
64,266
64,299
64,414
414,313
414,266
414,299
414,64
278,148
278,591
278,511
278,406
278,302
278,185
278,143
278,497
278,578
278,146
278,478
278,121
391,196
391,428
391,211
196,391
196,428
196,211
196,410
196,81
196,485
196,528
196,27
196,86
196,67
196,362
196,239
196,18
196,213
196,524
196,179
196,7
196,574
196,431
196,223
196,90
196,144
196,369
196,471
196,375
196,205
196,36
196,19
196,91
196,455
196,234
196,589
196,351
196,533
196,569
428,272
428,277
428,435
428,4
428,246
428,33
428,579
428,66
428,113
428,541
428,462
428,236
428,562
428,177
428,389
428,156
428,182
428,217
428,458
428,320
428,516
428,327
428,401
428,378
428,170
428,0
428,29
428,46
428,500
428,62
428,41
428,73
428,56
428,169
428,118
428,203
428,592
428,3
428,207
428,568
428,6
428,460
428,153
428,391
428,196
428,211
211,391
211,196
211,428
410,81
410,485
410,196
410,528
410,280
410,283
410,16
410,27
410,480
410,376
410,547
410,346
527,592
527,200
527,71
81,410
81,485
81,196
81,528
81,395
81,161
81,467
81,134
81,224
592,272
592,277
592,435
592,4
592,246
592,33
592,579
592,66
592,113
592,541
592,462
592,236
592,562
592,177
592,389
592,156
592,182
592,217
592,458
592,320
592,516
592,327
592,401
592,378
592,170
592,428
592,0
592,29
592,46
592,500
592,62
592,41
592,73
592,56
592,169
592,118
592,203
592,3
592,207
592,568
592,6
592,460
592,153
592,527
592,200
592,71
485,410
485,81
485,196
485,528
200,527
200,592
200,71
71,527
71,592
71,200
528,410
528,81
528,485
528,196
475,207
475,147
475,499
475,173
475,26
475,432
475,214
475,542
475,329
475,274
475,182
475,349
475,250
475,92
475,220
475,281
475,578
475,298
475,426
475,243
475,59
147,207
147,475
147,499
147,173
499,207
499,475
499,147
499,173
499,297
499,401
499,142
499,20
499,335
499,349
499,511
499,541
499,75
499,379
499,433
499,386
499,474
499,603
499,139
499,270
499,181
173,207
173,475
173,147
173,499
173,297
173,170
173,603
173,189
173,379
173,152
173,97
173,31
173,295
173,506
173,183
173,267
173,443
173,423
173,536
173,469
173,265
173,442
173,253
173,558
173,284
173,167
173,129
173,137
173,491
173,378
203,272
203,277
203,435
203,4
203,246
203,33
203,579
203,66
203,113
203,541
203,462
203,236
203,562
203,177
203,389
203,156
203,182
203,217
203,458
203,320
203,516
203,327
203,401
203,378
203,170
203,428
203,0
203,29
203,46
203,500
203,62
203,41
203,73
203,56
203,169
203,118
203,592
203,3
203,207
203,568
203,6
203,460
203,153
297,173
297,170
297,603
297,189
297,233
297,30
297,458
297,20
297,158
297,133
297,342
297,401
297,499
297,34
297,149
297,226
297,571
297,52
297,46
297,320
297,415
297,474
297,511
297,300
297,9
297,377
297,182
297,456
297,470
297,178
297,572
297,0
297,277
297,183
297,84
297,11
297,335
297,117
297,406
297,199
297,508
297,542
476,433
476,292
476,161
476,225
476,183
433,476
433,292
433,161
433,225
433,183
433,178
433,507
433,50
433,320
433,322
433,459
433,249
433,419
433,296
433,120
433,309
433,571
433,75
433,379
433,386
433,474
433,603
433,139
433,270
433,335
433,499
433,181
170,272
170,277
170,435
170,4
170,246
170,33
170,579
170,66
170,113
170,541
170,462
170,236
170,562
170,177
170,389
170,156
170,182
170,217
170,458
170,320
170,516
170,327
170,401
170,378
170,428
170,0
170,29
170,46
170,500
170,62
170,41
170,73
170,56
170,169
170,118
170,203
170,592
170,3
170,207
170,568
170,6
170,460
170,153
170,297
170,173
170,603
170,189
603,297
603,173
603,170
603,189
603,511
603,300
603,9
603,377
603,541
603,75
603,379
603,433
603,386
603,474
603,139
603,270
603,335
603,499
603,181
603,580
603,393
603,119
603,276
603,577
603,114
603,76
603,390
603,231
603,472
603,308
603,155
603,283
189,297
189,173
189,170
189,603
189,233
189,30
189,458
189,20
189,158
189,133
189,342
189,182
189,456
189,470
189,178
189,377
189,572
189,0
189,277
189,183
189,84
189,11
189,335
189,117
189,406
189,199
189,508
189,542
292,476
292,433
292,161
292,225
292,183
292,242
292,91
292,505
292,402
292,328
292,70
292,600
292,100
292,219
292,605
292,198
292,556
292,144
292,306
292,66
225,476
225,433
225,292
225,161
225,183
225,162
225,130
183,476
183,433
183,292
183,161
183,225
183,182
183,30
183,456
183,233
183,470
183,178
183,377
183,297
183,572
183,0
183,277
183,84
183,11
183,335
183,117
183,406
183,458
183,199
183,508
183,542
183,189
183,590
183,503
183,536
183,232
183,552
183,237
183,409
183,267
183,443
183,423
183,173
183,469
183,265
183,442
183,253
183,558
183,284
183,167
183,129
183,565
183,598
183,298
183,127
183,491
183,447
183,540
586,107
586,583
107,586
107,583
304,161
304,199
304,167
199,161
199,304
199,167
199,182
199,30
199,456
199,233
199,470
199,178
199,377
199,297
199,572
199,0
199,277
199,183
199,84
199,11
199,335
199,117
199,406
199,458
199,508
199,542
199,189
199,565
199,598
199,298
199,127
583,586
583,107
167,161
167,304
167,199
167,605
167,545
167,283
167,259
167,195
167,345
167,36
167,405
167,561
167,468
167,546
167,369
167,5
167,93
167,102
167,288
167,454
167,183
167,267
167,443
167,423
167,536
167,173
167,469
167,265
167,442
167,253
167,558
167,284
167,129
541,272
541,277
541,435
541,4
541,246
541,33
541,579
541,66
541,113
541,462
541,236
541,562
541,177
541,389
541,156
541,182
541,217
541,458
541,320
541,516
541,327
541,401
541,378
541,170
541,428
541,0
541,29
541,46
541,500
541,62
541,41
541,73
541,56
541,169
541,118
541,203
541,592
541,3
541,207
541,568
541,6
541,460
541,153
541,142
541,20
541,335
541,349
541,499
541,511
541,603
135,510
135,85
135,190
135,148
135,357
135,37
135,10
135,105
135,23
135,413
135,168
135,316
135,337
135,246
462,272
462,277
462,435
462,4
462,246
462,33
462,579
462,66
462,113
462,541
462,236
462,562
462,177
462,389
462,156
462,182
462,217
462,458
462,320
462,516
462,327
462,401
462,378
462,170
462,428
462,0
462,29
462,46
462,500
462,62
462,41
462,73
462,56
462,169
462,118
462,203
462,592
462,3
462,207
462,568
462,6
462,460
462,153
236,272
236,277
236,435
236,4
236,246
236,33
236,579
236,66
236,113
236,541
236,462
236,562
236,177
236,389
236,156
236,182
236,217
236,458
236,320
236,516
236,327
236,401
236,378
236,170
236,428
236,0
236,29
236,46
236,500
236,62
236,41
236,73
236,56
236,169
236,118
236,203
236,592
236,3
236,207
236,568
236,6
236,460
236,153
562,272
562,277
562,435
562,4
562,246
562,33
562,579
562,66
562,113
562,541
562,462
562,236
562,177
562,389
562,156
562,182
562,217
562,458
562,320
562,516
562,327
562,401
562,378
562,170
562,428
562,0
562,29
562,46
562,500
562,62
562,41
562,73
562,56
562,169
562,118
562,203
562,592
562,3
562,207
562,568
562,6
562,460
562,153
562,312
177,272
177,277
177,435
177,4
177,246
177,33
177,579
177,66
177,113
177,541
177,462
177,236
177,562
177,389
177,156
177,182
177,217
177,458
177,320
177,516
177,327
177,401
177,378
177,170
177,428
177,0
177,29
177,46
177,500
177,62
177,41
177,73
177,56
177,169
177,118
177,203
177,592
177,3
177,207
177,568
177,6
177,460
177,153
389,272
389,277
389,435
389,4
389,246
389,33
389,579
389,66
389,113
389,541
389,462
389,236
389,562
389,177
389,156
389,182
389,217
389,458
389,320
389,516
389,327
389,401
389,378
389,170
389,428
389,0
389,29
389,46
389,500
389,62
389,41
389,73
389,56
389,169
389,118
389,203
389,592
389,3
389,207
389,568
389,6
389,460
389,153
156,272
156,277
156,435
156,4
156,246
156,33
156,579
156,66
156,113
156,541
156,462
156,236
156,562
156,177
156,389
156,182
156,217
156,458
156,320
156,516
156,327
156,401
156,378
156,170
156,428
156,0
156,29
156,46
156,500
156,62
156,41
156,73
156,56
156,169
156,118
156,203
156,592
156,3
156,207
156,568
156,6
156,460
156,153
156,591
156,465
156,445
156,121
156,98
156,417
156,308
156,479
156,522
156,145
156,523
156,498
305,161
305,421
305,365
421,305
421,161
421,365
365,305
365,161
365,421
356,272
356,75
356,250
356,35
356,182
356,456
356,251
75,272
75,356
75,250
75,35
75,182
75,456
75,251
75,512
75,401
75,458
75,160
75,379
75,433
75,386
75,474
75,603
75,139
75,270
75,335
75,499
75,181
250,272
250,356
250,75
250,35
250,182
250,456
250,251
250,396
250,522
250,133
250,442
250,477
250,262
250,28
250,432
250,214
250,542
250,329
250,274
250,475
250,349
250,207
250,271
250,341
250,31
250,496
250,490
250,150
250,400
250,506
250,384
250,446
250,252
35,272
35,356
35,75
35,250
35,182
35,456
35,251
182,272
182,277
182,435
182,4
182,246
182,33
182,579
182,66
182,113
182,541
182,462
182,236
182,562
182,177
182,389
182,156
182,217
182,458
182,320
182,516
182,327
182,401
182,378
182,170
182,428
182,0
182,29
182,46
182,500
182,62
182,41
182,73
182,56
182,169
182,118
182,203
182,592
182,3
182,207
182,568
182,6
182,460
182,153
182,356
182,75
182,250
182,35
182,456
182,251
182,432
182,214
182,542
182,329
182,274
182,475
182,349
182,30
182,233
182,470
182,178
182,377
182,297
182,572
182,183
182,84
182,11
182,335
182,117
182,406
182,199
182,508
182,189
182,346
182,347
182,194
182,159
456,272
456,356
456,75
456,250
456,35
456,182
456,251
456,30
456,233
456,470
456,178
456,377
456,297
456,572
456,0
456,277
456,183
456,84
456,11
456,335
456,117
456,406
456,458
456,199
456,508
456,542
456,189
251,272
251,356
251,75
251,250
251,35
251,182
251,456
251,308
251,315
251,32
251,496
251,326
251,288
251,202
251,36
251,27
251,427
251,343
251,164
251,94
251,174
251,399
251,65
251,337
251,122
251,333
312,562
254,337
337,254
337,135
337,316
337,246
337,67
337,213
337,17
337,109
337,418
337,484
337,65
337,48
337,388
337,444
337,154
337,457
337,574
337,174
337,51
337,429
337,15
337,283
337,108
337,361
337,132
337,472
337,392
337,338
337,215
337,486
337,179
337,129
337,94
337,172
337,291
337,571
337,580
337,343
337,454
337,18
337,514
337,60
337,470
337,195
337,344
337,589
337,493
337,537
337,323
337,253
337,5
337,354
337,202
337,36
337,251
337,27
337,427
337,164
337,399
337,122
337,333
467,395
467,161
467,134
467,224
467,81
467,301
467,422
467,162
467,375
467,185
467,259
467,206
467,55
467,39
467,221
467,327
467,58
467,438
467,450
467,545
467,283
467,40
467,286
467,382
467,535
467,408
467,165
467,442
467,407
467,417
467,371
467,482
467,574
467,49
467,351
467,336
467,584
550,403
403,550
591,529
591,121
591,139
591,275
591,339
591,73
591,452
591,209
591,334
591,465
591,445
591,98
591,417
591,308
591,378
591,479
591,41
591,522
591,145
591,156
591,523
591,498
591,511
591,406
591,302
591,185
591,143
591,497
591,578
591,146
591,478
591,278
465,591
465,445
465,121
465,98
465,417
465,308
465,378
465,479
465,41
465,522
465,145
465,156
465,523
465,498
465,181
445,591
445,465
445,121
445,98
445,417
445,308
445,378
445,479
445,41
445,522
445,145
445,156
445,523
445,498
121,529
121,591
121,139
121,275
121,339
121,73
121,452
121,209
121,334
121,465
121,445
121,98
121,417
121,308
121,378
121,479
121,41
121,522
121,145
121,156
121,523
121,498
121,511
121,406
121,302
121,185
121,143
121,497
121,578
121,146
121,478
121,278
98,591
98,465
98,445
98,121
98,417
98,308
98,378
98,479
98,41
98,522
98,145
98,156
98,523
98,498
139,529
139,591
139,121
139,275
139,339
139,73
139,452
139,209
139,334
139,408
139,75
139,379
139,433
139,386
139,474
139,603
139,270
139,335
139,499
139,181
417,591
417,465
417,445
417,121
417,98
417,308
417,378
417,479
417,41
417,522
417,145
417,156
417,523
417,498
417,315
417,429
417,362
417,361
417,20
417,259
417,43
417,69
417,564
417,567
417,5
417,102
417,17
417,49
417,283
417,371
417,482
417,574
417,351
417,336
417,584
417,467
308,591
308,465
308,445
308,121
308,98
308,417
308,378
308,479
308,41
308,522
308,145
308,156
308,523
308,498
308,390
308,231
308,472
308,603
308,155
308,283
308,251
308,315
308,32
308,496
308,326
308,288
308,357
308,328
308,174
308,380
308,595
308,96
308,430
308,370
308,290
308,604
308,267
308,360
308,127
308,490
308,101
308,501
308,298
308,558
308,341
308,347
308,504
378,272
378,277
378,435
378,4
378,246
378,33
378,579
378,66
378,113
378,541
378,462
378,236
378,562
378,177
378,389
378,156
378,182
378,217
378,458
378,320
378,516
378,327
378,401
378,170
378,428
378,0
378,29
378,46
378,500
378,62
378,41
378,73
378,56
378,169
378,118
378,203
378,592
378,3
378,207
378,568
378,6
378,460
378,153
378,178
378,112
378,175
378,419
378,385
378,270
378,61
378,599
378,253
378,83
378,160
378,518
378,464
378,591
378,465
378,445
378,121
378,98
378,417
378,308
378,479
378,522
378,145
378,523
378,498
378,173
378,137
378,491
479,591
479,465
479,445
479,121
479,98
479,417
479,308
479,378
479,41
479,522
479,145
479,156
479,523
479,498
41,272
41,277
41,435
41,4
41,246
41,33
41,579
41,66
41,113
41,541
41,462
41,236
41,562
41,177
41,389
41,156
41,182
41,217
41,458
41,320
41,516
41,327
41,401
41,378
41,170
41,428
41,0
41,29
41,46
41,500
41,62
41,73
41,56
41,169
41,118
41,203
41,592
41,3
41,207
41,568
41,6
41,460
41,153
41,591
41,465
41,445
41,121
41,98
41,417
41,308
41,479
41,522
41,145
41,523
41,498
522,591
522,465
522,445
522,121
522,98
522,417
522,308
522,378
522,479
522,41
522,145
522,156
522,523
522,498
522,396
522,133
522,442
522,250
522,477
522,262
522,28
408,139
408,301
408,422
408,162
408,467
408,375
408,185
408,259
408,206
408,55
408,39
408,221
408,327
408,58
408,438
408,450
408,545
408,283
408,40
408,286
408,382
408,535
145,591
145,465
145,445
145,121
145,98
145,417
145,308
145,378
145,479
145,41
145,522
145,156
145,523
145,498
523,591
523,465
523,445
523,121
523,98
523,417
523,308
523,378
523,479
523,41
523,522
523,145
523,156
523,498
498,591
498,465
498,445
498,121
498,98
498,417
498,308
498,378
498,479
498,41
498,522
498,145
498,156
498,523
419,178
419,112
419,175
419,435
419,385
419,270
419,378
419,61
419,599
419,56
419,253
419,153
419,83
419,160
419,518
419,464
419,46
419,207
419,507
419,433
419,50
419,320
419,322
419,459
419,249
419,296
419,120
419,309
385,178
385,112
385,175
385,419
385,435
385,270
385,378
385,61
385,599
385,56
385,253
385,153
385,83
385,160
385,518
385,464
385,46
385,207
270,178
270,112
270,175
270,419
270,435
270,385
270,378
270,61
270,599
270,56
270,253
270,153
270,83
270,160
270,518
270,464
270,46
270,207
270,481
270,300
270,411
270,542
270,75
270,379
270,433
270,386
270,474
270,603
270,139
270,335
270,499
270,181
275,529
275,591
275,121
275,139
275,339
275,73
275,452
275,209
275,334
339,529
339,591
339,121
339,139
339,275
339,73
339,452
339,209
339,334
61,178
61,112
61,175
61,419
61,435
61,385
61,270
61,378
61,599
61,56
61,253
61,153
61,83
61,160
61,518
61,464
61,46
61,207
217,272
217,277
217,435
217,4
217,246
217,33
217,579
217,66
217,113
217,541
217,462
217,236
217,562
217,177
217,389
217,156
217,182
217,458
217,320
217,516
217,327
217,401
217,378
217,170
217,428
217,0
217,29
217,46
217,500
217,62
217,41
217,73
217,56
217,169
217,118
217,203
217,592
217,3
217,207
217,568
217,6
217,460
217,153
458,272
458,277
458,435
458,4
458,246
458,33
458,579
458,66
458,113
458,541
458,462
458,236
458,562
458,177
458,389
458,156
458,182
458,217
458,320
458,516
458,327
458,401
458,378
458,170
458,428
458,0
458,29
458,46
458,500
458,62
458,41
458,73
458,56
458,169
458,118
458,203
458,592
458,3
458,207
458,568
458,6
458,460
458,153
458,233
458,30
458,189
458,297
458,20
458,158
458,133
458,342
458,381
458,229
458,512
458,160
458,75
458,456
458,470
458,178
458,377
458,572
458,183
458,84
458,11
458,335
458,117
458,406
458,199
458,508
458,542
320,272
320,277
320,435
320,4
320,246
320,33
320,579
320,66
320,113
320,541
320,462
320,236
320,562
320,177
320,389
320,156
320,182
320,217
320,458
320,516
320,327
320,401
320,378
320,170
320,428
320,0
320,29
320,46
320,500
320,62
320,41
320,73
320,56
320,169
320,118
320,203
320,592
320,3
320,207
320,568
320,6
320,460
320,153
320,149
320,226
320,133
320,297
320,571
320,52
320,415
320,474
320,178
320,507
320,433
320,50
320,322
320,459
320,249
320,419
320,296
320,120
320,309
320,588
320,423
320,383
320,534
516,272
516,277
516,435
516,4
516,246
516,33
516,579
516,66
516,113
516,541
516,462
516,236
516,562
516,177
516,389
516,156
516,182
516,217
516,458
516,320
516,327
516,401
516,378
516,170
516,428
516,0
516,29
516,46
516,500
516,62
516,41
516,73
516,56
516,169
516,118
516,203
516,592
516,3
516,207
516,568
516,6
516,460
516,153
327,272
327,277
327,435
327,4
327,246
327,33
327,579
327,66
327,113
327,541
327,462
327,236
327,562
327,177
327,389
327,156
327,182
327,217
327,458
327,320
327,516
327,401
327,378
327,170
327,428
327,0
327,29
327,46
327,500
327,62
327,41
327,73
327,56
327,169
327,118
327,203
327,592
327,3
327,207
327,568
327,6
327,460
327,153
327,301
327,422
327,162
327,467
327,375
327,185
327,259
327,206
327,55
327,39
327,221
327,58
327,438
327,450
327,545
327,283
327,40
327,286
327,382
327,535
327,408
327,544
327,77
327,95
327,328
327,184
327,589
327,566
327,88
327,10
327,369
327,27
327,218
327,294
327,472
327,473
327,418
327,323
327,204
327,102
327,517
327,122
327,606
327,573
327,582
327,502
327,219
327,127
327,524
327,111
327,405
327,565
327,93
327,119
327,90
327,554
327,370
327,436
327,597
327,306
327,531
327,287
327,526
327,141
327,559
327,163
327,94
327,164
327,561
327,331
327,187
401,272
401,277
401,435
401,4
401,246
401,33
401,579
401,66
401,113
401,541
401,462
401,236
401,562
401,177
401,389
401,156
401,182
401,217
401,458
401,320
401,516
401,327
401,378
401,170
401,428
401,0
401,29
401,46
401,500
401,62
401,41
401,73
401,56
401,169
401,118
401,203
401,592
401,3
401,207
401,568
401,6
401,460
401,153
401,297
401,499
401,512
401,160
401,75
0,272
0,277
0,435
0,4
0,246
0,33
0,579
0,66
0,113
0,541
0,462
0,236
0,562
0,177
0,389
0,156
0,182
0,217
0,458
0,320
0,516
0,327
0,401
0,378
0,170
0,428
0,29
0,46
0,500
0,62
0,41
0,73
0,56
0,169
0,118
0,203
0,592
0,3
0,207
0,568
0,6
0,460
0,153
0,30
0,456
0,233
0,470
0,178
0,377
0,297
0,572
0,183
0,84
0,11
0,335
0,117
0,406
0,199
0,508
0,542
0,189
105,510
105,85
105,190
105,148
105,357
105,37
105,10
105,135
105,23
105,413
105,168
29,272
29,277
29,435
29,4
29,246
29,33
29,579
29,66
29,113
29,541
29,462
29,236
29,562
29,177
29,389
29,156
29,182
29,217
29,458
29,320
29,516
29,327
29,401
29,378
29,170
29,428
29,0
29,46
29,500
29,62
29,41
29,73
29,56
29,169
29,118
29,203
29,592
29,3
29,207
29,568
29,6
29,460
29,153
23,510
23,85
23,190
23,148
23,357
23,37
23,10
23,135
23,105
23,413
23,168
46,272
46,277
46,435
46,4
46,246
46,33
46,579
46,66
46,113
46,541
46,462
46,236
46,562
46,177
46,389
46,156
46,182
46,217
46,458
46,320
46,516
46,327
46,401
46,378
46,170
46,428
46,0
46,29
46,500
46,62
46,41
46,73
46,56
46,169
46,118
46,203
46,592
46,3
46,207
46,568
46,6
46,460
46,153
46,178
46,112
46,175
46,419
46,385
46,270
46,61
46,599
46,253
46,83
46,160
46,518
46,464
46,149
46,226
46,133
46,297
46,571
46,52
46,415
46,474
46,208
46,404
46,551
46,87
46,503
46,78
500,272
500,277
500,435
500,4
500,246
500,33
500,579
500,66
500,113
500,541
500,462
500,236
500,562
500,177
500,389
500,156
500,182
500,217
500,458
500,320
500,516
500,327
500,401
500,378
500,170
500,428
500,0
500,29
500,46
500,62
500,41
500,73
500,56
500,169
500,118
500,203
500,592
500,3
500,207
500,568
500,6
500,460
500,153
500,376
396,522
396,133
396,442
396,250
396,477
396,262
396,28
28,396
28,522
28,133
28,442
28,250
28,477
28,262
233,30
233,189
233,458
233,297
233,20
233,158
233,133
233,342
233,182
233,456
233,470
233,178
233,377
233,572
233,0
233,277
233,183
233,84
233,11
233,335
233,117
233,406
233,199
233,508
233,542
30,233
30,189
30,458
30,297
30,20
30,158
30,133
30,342
30,182
30,456
30,470
30,178
30,377
30,572
30,0
30,277
30,183
30,84
30,11
30,335
30,117
30,406
30,199
30,508
30,542
20,233
20,30
20,189
20,458
20,297
20,158
20,133
20,342
20,142
20,335
20,349
20,499
20,511
20,541
20,315
20,429
20,362
20,361
20,417
20,259
20,43
20,69
20,564
20,567
20,5
20,102
20,17
20,49
20,283
158,233
158,30
158,189
158,458
158,297
158,20
158,133
158,342
133,396
133,522
133,442
133,250
133,477
133,262
133,28
133,233
133,30
133,189
133,458
133,297
133,20
133,158
133,342
133,149
133,226
133,571
133,52
133,46
133,320
133,415
133,474
381,458
181,465
181,75
181,379
181,433
181,386
181,474
181,603
181,139
181,270
181,335
181,499
162,225
162,130
162,301
162,422
162,467
162,375
162,185
162,259
162,206
162,55
162,39
162,221
162,327
162,58
162,438
162,450
162,545
162,283
162,40
162,286
162,382
162,535
162,408
130,225
130,162
130,350
130,161
130,572
130,82
130,285
34,297
34,74
34,26
34,440
34,192
437,502
437,451
437,216
437,318
437,161
502,437
502,451
502,216
502,318
502,161
502,582
502,219
502,127
502,524
502,327
502,111
502,405
502,565
502,93
502,88
26,475
26,34
26,74
26,440
26,192
432,214
432,542
432,329
432,274
432,475
432,182
432,349
432,207
432,250
216,451
216,318
216,161
216,502
216,437
216,94
216,505
216,138
216,291
216,240
216,283
216,89
216,340
216,424
216,416
216,344
216,279
214,432
214,542
214,329
214,274
214,475
214,182
214,349
214,207
214,250
214,131
214,409
214,488
214,506
214,579
214,601
214,487
214,159
214,65
542,432
542,214
542,329
542,274
542,475
542,182
542,349
542,207
542,250
542,481
542,300
542,411
542,270
542,30
542,456
542,233
542,470
542,178
542,377
542,297
542,572
542,0
542,277
542,183
542,84
542,11
542,335
542,117
542,406
542,458
542,199
542,508
542,189
329,432
329,214
329,542
329,274
329,475
329,182
329,349
329,207
329,250
329,315
329,457
329,57
329,574
318,451
318,216
318,161
318,502
318,437
274,432
274,214
274,542
274,329
274,475
274,182
274,349
274,207
274,250
274,92
274,220
274,281
274,578
274,298
274,426
274,243
274,59
349,432
349,214
349,542
349,329
349,274
349,475
349,182
349,207
349,250
349,142
349,20
349,335
349,499
349,511
349,541
209,529
209,591
209,121
209,139
209,275
209,339
209,73
209,452
209,334
209,310
310,209
395,161
395,467
395,134
395,224
395,81
149,226
149,133
149,297
149,571
149,52
149,46
149,320
149,415
149,474
226,149
226,133
226,297
226,571
226,52
226,46
226,320
226,415
226,474
134,395
134,161
134,467
134,224
134,81
571,149
571,226
571,133
571,297
571,52
571,46
571,320
571,415
571,474
571,433
571,39
571,248
571,555
571,360
571,340
571,540
571,94
571,337
571,172
571,484
571,574
571,291
571,580
571,343
571,454
571,18
571,514
571,60
571,470
571,195
571,429
571,344
571,589
571,493
571,537
571,323
571,253
571,5
571,354
52,149
52,226
52,133
52,297
52,571
52,46
52,320
52,415
52,474
224,395
224,161
224,467
224,134
224,81
415,149
415,226
415,133
415,297
415,571
415,52
415,46
415,320
415,474
474,149
474,226
474,133
474,297
474,571
474,52
474,46
474,320
474,415
474,75
474,379
474,433
474,386
474,603
474,139
474,270
474,335
474,499
474,181
507,178
507,433
507,50
507,320
507,322
507,459
507,249
507,419
507,296
507,120
507,309
50,178
50,507
50,433
50,320
50,322
50,459
50,249
50,419
50,296
50,120
50,309
350,130
350,161
350,572
350,82
350,285
322,178
322,507
322,433
322,50
322,320
322,459
322,249
322,419
322,296
322,120
322,309
322,25
322,245
322,530
322,24
322,76
459,178
459,507
459,433
459,50
459,320
459,322
459,249
459,419
459,296
459,120
459,309
572,130
572,350
572,161
572,82
572,285
572,182
572,30
572,456
572,233
572,470
572,178
572,377
572,297
572,0
572,277
572,183
572,84
572,11
572,335
572,117
572,406
572,458
572,199
572,508
572,542
572,189
249,178
249,507
249,433
249,50
249,320
249,322
249,459
249,419
249,296
249,120
249,309
82,130
82,350
82,161
82,572
82,285
296,178
296,507
296,433
296,50
296,320
296,322
296,459
296,249
296,419
296,120
296,309
285,130
285,350
285,161
285,572
285,82
120,178
120,507
120,433
120,50
120,320
120,322
120,459
120,249
120,419
120,296
120,309
309,178
309,507
309,433
309,50
309,320
309,322
309,459
309,249
309,419
309,296
309,120
599,178
599,112
599,175
599,419
599,435
599,385
599,270
599,378
599,61
599,56
599,253
599,153
599,83
599,160
599,518
599,464
599,46
599,207
56,272
56,277
56,435
56,4
56,246
56,33
56,579
56,66
56,113
56,541
56,462
56,236
56,562
56,177
56,389
56,156
56,182
56,217
56,458
56,320
56,516
56,327
56,401
56,378
56,170
56,428
56,0
56,29
56,46
56,500
56,62
56,41
56,73
56,169
56,118
56,203
56,592
56,3
56,207
56,568
56,6
56,460
56,153
56,178
56,112
56,175
56,419
56,385
56,270
56,61
56,599
56,253
56,83
56,160
56,518
56,464
253,178
253,112
253,175
253,419
253,435
253,385
253,270
253,378
253,61
253,599
253,56
253,153
253,83
253,160
253,518
253,464
253,46
253,207
253,183
253,267
253,443
253,423
253,536
253,173
253,469
253,265
253,442
253,558
253,284
253,167
253,129
253,94
253,337
253,172
253,484
253,574
253,291
253,571
253,580
253,343
253,454
253,18
253,514
253,60
253,470
253,195
253,429
253,344
253,589
253,493
253,537
253,323
253,5
253,354
153,272
153,277
153,435
153,4
153,246
153,33
153,579
153,66
153,113
153,541
153,462
153,236
153,562
153,177
153,389
153,156
153,182
153,217
153,458
153,320
153,516
153,327
153,401
153,378
153,170
153,428
153,0
153,29
153,46
153,500
153,62
153,41
153,73
153,56
153,169
153,118
153,203
153,592
153,3
153,207
153,568
153,6
153,460
153,178
153,112
153,175
153,419
153,385
153,270
153,61
153,599
153,253
153,83
153,160
153,518
153,464
83,178
83,112
83,175
83,419
83,435
83,385
83,270
83,378
83,61
83,599
83,56
83,253
83,153
83,160
83,518
83,464
83,46
83,207
73,272
73,277
73,435
73,4
73,246
73,33
73,579
73,66
73,113
73,541
73,462
73,236
73,562
73,177
73,389
73,156
73,182
73,217
73,458
73,320
73,516
73,327
73,401
73,378
73,170
73,428
73,0
73,29
73,46
73,500
73,62
73,41
73,56
73,169
73,118
73,203
73,592
73,3
73,207
73,568
73,6
73,460
73,153
73,529
73,591
73,121
73,139
73,275
73,339
73,452
73,209
73,334
160,178
160,112
160,175
160,419
160,435
160,385
160,270
160,378
160,61
160,599
160,56
160,253
160,153
160,83
160,518
160,464
160,46
160,207
160,512
160,401
160,458
160,75
452,529
452,591
452,121
452,139
452,275
452,339
452,73
452,209
452,334
518,178
518,112
518,175
518,419
518,435
518,385
518,270
518,378
518,61
518,599
518,56
518,253
518,153
518,83
518,160
518,464
518,46
518,207
464,178
464,112
464,175
464,419
464,435
464,385
464,270
464,378
464,61
464,599
464,56
464,253
464,153
464,83
464,160
464,518
464,46
464,207
334,529
334,591
334,121
334,139
334,275
334,339
334,73
334,452
334,209
62,272
62,277
62,435
62,4
62,246
62,33
62,579
62,66
62,113
62,541
62,462
62,236
62,562
62,177
62,389
62,156
62,182
62,217
62,458
62,320
62,516
62,327
62,401
62,378
62,170
62,428
62,0
62,29
62,46
62,500
62,41
62,73
62,56
62,169
62,118
62,203
62,592
62,3
62,207
62,568
62,6
62,460
62,153
169,272
169,277
169,435
169,4
169,246
169,33
169,579
169,66
169,113
169,541
169,462
169,236
169,562
169,177
169,389
169,156
169,182
169,217
169,458
169,320
169,516
169,327
169,401
169,378
169,170
169,428
169,0
169,29
169,46
169,500
169,62
169,41
169,73
169,56
169,118
169,203
169,592
169,3
169,207
169,568
169,6
169,460
169,153
118,272
118,277
118,435
118,4
118,246
118,33
118,579
118,66
118,113
118,541
118,462
118,236
118,562
118,177
118,389
118,156
118,182
118,217
118,458
118,320
118,516
118,327
118,401
118,378
118,170
118,428
118,0
118,29
118,46
118,500
118,62
118,41
118,73
118,56
118,169
118,203
118,592
118,3
118,207
118,568
118,6
118,460
118,153
118,16
118,505
118,174
118,580
118,362
118,461
118,602
118,314
118,353
118,283
118,463
413,510
413,85
413,190
413,148
413,357
413,37
413,10
413,135
413,105
413,23
413,168
3,272
3,277
3,435
3,4
3,246
3,33
3,579
3,66
3,113
3,541
3,462
3,236
3,562
3,177
3,389
3,156
3,182
3,217
3,458
3,320
3,516
3,327
3,401
3,378
3,170
3,428
3,0
3,29
3,46
3,500
3,62
3,41
3,73
3,56
3,169
3,118
3,203
3,592
3,207
3,568
3,6
3,460
3,153
568,272
568,277
568,435
568,4
568,246
568,33
568,579
568,66
568,113
568,541
568,462
568,236
568,562
568,177
568,389
568,156
568,182
568,217
568,458
568,320
568,516
568,327
568,401
568,378
568,170
568,428
568,0
568,29
568,46
568,500
568,62
568,41
568,73
568,56
568,169
568,118
568,203
568,592
568,3
568,207
568,6
568,460
568,153
6,272
6,277
6,435
6,4
6,246
6,33
6,579
6,66
6,113
6,541
6,462
6,236
6,562
6,177
6,389
6,156
6,182
6,217
6,458
6,320
6,516
6,327
6,401
6,378
6,170
6,428
6,0
6,29
6,46
6,500
6,62
6,41
6,73
6,56
6,169
6,118
6,203
6,592
6,3
6,207
6,568
6,460
6,153
460,272
460,277
460,435
460,4
460,246
460,33
460,579
460,66
460,113
460,541
460,462
460,236
460,562
460,177
460,389
460,156
460,182
460,217
460,458
460,320
460,516
460,327
460,401
460,378
460,170
460,428
460,0
460,29
460,46
460,500
460,62
460,41
460,73
460,56
460,169
460,118
460,203
460,592
460,3
460,207
460,568
460,6
460,153
168,510
168,85
168,190
168,148
168,357
168,37
168,10
168,135
168,105
168,23
168,413
442,396
442,522
442,133
442,250
442,477
442,262
442,28
442,27
442,535
442,343
442,259
442,80
442,283
442,559
442,467
442,165
442,407
442,141
442,51
442,293
442,418
442,119
442,602
442,183
442,267
442,443
442,423
442,536
442,173
442,469
442,265
442,253
442,558
442,284
442,167
442,129
477,396
477,522
477,133
477,442
477,250
477,262
477,28
262,396
262,522
262,133
262,442
262,250
262,477
262,28
229,458
481,300
481,411
481,270
481,542
300,481
300,411
300,270
300,542
300,297
300,511
300,603
300,9
300,377
411,481
411,300
411,270
411,542
512,401
512,458
512,160
512,75
157,72
72,157
72,31
72,372
72,16
72,27
72,202
72,569
72,263
72,330
72,463
72,279
72,69
72,524
376,500
376,576
376,176
376,425
376,418
376,361
376,348
376,503
376,280
376,283
376,16
376,27
376,480
376,410
376,547
376,346
316,135
316,337
316,246
511,297
511,603
511,300
511,9
511,377
511,591
511,406
511,302
511,185
511,143
511,497
511,578
511,146
511,478
511,278
511,121
511,142
511,20
511,335
511,349
511,499
511,541
9,297
9,511
9,603
9,300
9,377
377,297
377,511
377,603
377,300
377,9
377,182
377,30
377,456
377,233
377,470
377,178
377,572
377,0
377,277
377,183
377,84
377,11
377,335
377,117
377,406
377,458
377,199
377,508
377,542
377,189
470,182
470,30
470,456
470,233
470,178
470,377
470,297
470,572
470,0
470,277
470,183
470,84
470,11
470,335
470,117
470,406
470,458
470,199
470,508
470,542
470,189
470,94
470,337
470,172
470,484
470,574
470,291
470,571
470,580
470,343
470,454
470,18
470,514
470,60
470,195
470,429
470,344
470,589
470,493
470,537
470,323
470,253
470,5
470,354
84,182
84,30
84,456
84,233
84,470
84,178
84,377
84,297
84,572
84,0
84,277
84,183
84,11
84,335
84,117
84,406
84,458
84,199
84,508
84,542
84,189
11,182
11,30
11,456
11,233
11,470
11,178
11,377
11,297
11,572
11,0
11,277
11,183
11,84
11,335
11,117
11,406
11,458
11,199
11,508
11,542
11,189
335,182
335,30
335,456
335,233
335,470
335,178
335,377
335,297
335,572
335,0
335,277
335,183
335,84
335,11
335,117
335,406
335,458
335,199
335,508
335,542
335,189
335,142
335,20
335,349
335,499
335,511
335,541
335,75
335,379
335,433
335,386
335,474
335,603
335,139
335,270
335,181
335,587
335,269
335,495
335,227
335,321
335,596
335,506
335,154
335,15
335,601
335,504
335,540
335,565
335,598
335,298
335,127
117,182
117,30
117,456
117,233
117,470
117,178
117,377
117,297
117,572
117,0
117,277
117,183
117,84
117,11
117,335
117,406
117,458
117,199
117,508
117,542
117,189
406,182
406,30
406,456
406,233
406,470
406,178
406,377
406,297
406,572
406,0
406,277
406,183
406,84
406,11
406,335
406,117
406,458
406,199
406,508
406,542
406,189
406,591
406,511
406,302
406,185
406,143
406,497
406,578
406,146
406,478
406,278
406,121
508,182
508,30
508,456
508,233
508,470
508,178
508,377
508,297
508,572
508,0
508,277
508,183
508,84
508,11
508,335
508,117
508,406
508,458
508,199
508,542
508,189
600,185
600,242
600,292
600,91
600,505
600,402
600,328
600,70
600,100
600,219
600,605
600,198
600,556
600,144
600,306
600,66
185,600
185,591
185,511
185,406
185,302
185,143
185,497
185,578
185,146
185,478
185,278
185,121
185,301
185,422
185,162
185,467
185,375
185,259
185,206
185,55
185,39
185,221
185,327
185,58
185,438
185,450
185,545
185,283
185,40
185,286
185,382
185,535
185,408
302,591
302,511
302,406
302,185
302,143
302,497
302,578
302,146
302,478
302,278
302,121
191,42
143,591
143,511
143,406
143,302
143,185
143,497
143,578
143,146
143,478
143,278
143,121
497,591
497,511
497,406
497,302
497,185
497,143
497,578
497,146
497,478
497,278
497,121
42,191
578,591
578,511
578,406
578,302
578,185
578,143
578,497
578,146
578,478
578,278
578,121
578,274
578,92
578,220
578,281
578,298
578,426
578,243
578,475
578,59
578,40
578,328
578,94
578,521
578,372
578,68
578,116
578,553
578,283
578,54
578,370
578,122
578,123
578,605
578,514
578,288
146,591
146,511
146,406
146,302
146,185
146,143
146,497
146,578
146,478
146,278
146,121
478,591
478,511
478,406
478,302
478,185
478,143
478,497
478,578
478,146
478,278
478,121
142,20
142,335
142,349
142,499
142,511
142,541
576,176
576,376
576,425
576,418
576,361
576,348
576,503
176,576
176,376
176,425
176,418
176,361
176,348
176,503
425,576
425,176
425,376
425,418
425,361
425,348
425,503
418,576
418,176
418,376
418,425
418,361
418,348
418,503
418,67
418,213
418,17
418,109
418,484
418,65
418,48
418,388
418,444
418,154
418,457
418,574
418,174
418,51
418,429
418,15
418,283
418,337
418,108
418,132
418,472
418,392
418,338
418,215
418,486
418,179
418,129
418,544
418,40
418,327
418,77
418,95
418,328
418,184
418,589
418,566
418,88
418,10
418,369
418,27
418,218
418,294
418,473
418,323
418,204
418,102
418,517
418,122
418,606
418,141
418,442
418,293
418,119
418,602
361,576
361,176
361,376
361,425
361,418
361,348
361,503
361,67
361,213
361,17
361,109
361,484
361,65
361,48
361,388
361,444
361,154
361,457
361,574
361,174
361,51
361,429
361,15
361,283
361,337
361,108
361,132
361,472
361,392
361,338
361,215
361,486
361,179
361,129
361,315
361,362
361,417
361,20
361,259
361,43
361,69
361,564
361,567
361,5
361,102
361,49
348,576
348,176
348,376
348,425
348,418
348,361
348,503
503,576
503,176
503,376
503,425
503,418
503,361
503,348
503,590
503,536
503,232
503,183
503,552
503,237
503,409
503,208
503,404
503,46
503,551
503,87
503,78
379,75
379,433
379,386
379,474
379,603
379,139
379,270
379,335
379,499
379,181
379,173
379,152
379,97
379,31
379,295
379,506
379,260
379,150
379,551
379,14
379,67
379,362
379,13
379,15
379,288
386,75
386,379
386,433
386,474
386,603
386,139
386,270
386,335
386,499
386,181
218,544
218,40
218,327
218,77
218,95
218,328
218,184
218,589
218,566
218,88
218,10
218,369
218,27
218,294
218,472
218,473
218,418
218,323
218,204
218,102
218,517
218,122
218,606
580,603
580,393
580,119
580,276
580,577
580,114
580,76
580,535
580,505
580,27
580,80
580,164
580,242
580,581
580,223
580,324
580,288
580,228
580,22
580,559
580,16
580,174
580,118
580,362
580,461
580,602
580,314
580,353
580,283
580,463
580,94
580,337
580,172
580,484
580,574
580,291
580,571
580,343
580,454
580,18
580,514
580,60
580,470
580,195
580,429
580,344
580,589
580,493
580,537
580,323
580,253
580,5
580,354
393,603
393,580
393,119
393,276
393,577
393,114
393,76
119,603
119,580
119,393
119,276
119,577
119,114
119,76
119,95
119,291
119,12
119,315
119,88
119,567
119,283
119,163
119,420
119,141
119,51
119,442
119,293
119,418
119,602
119,535
119,90
119,554
119,370
119,436
119,597
119,219
119,327
119,306
119,531
119,287
119,526
276,603
276,580
276,393
276,119
276,577
276,114
276,76
577,603
577,580
577,393
577,119
577,276
577,114
577,76
114,603
114,580
114,393
114,119
114,276
114,577
114,76
76,603
76,580
76,393
76,119
76,276
76,577
76,114
76,557
76,492
76,441
76,575
76,364
76,540
76,366
76,332
76,188
76,25
76,245
76,530
76,24
76,322
605,167
605,39
605,505
605,289
605,525
605,368
605,242
605,292
605,91
605,402
605,328
605,70
605,600
605,100
605,219
605,198
605,556
605,144
605,306
605,66
605,283
605,48
605,74
605,140
605,325
605,40
605,94
605,521
605,372
605,68
605,116
605,553
605,54
605,370
605,122
605,123
605,578
605,514
605,288
590,503
590,536
590,232
590,183
590,552
590,237
590,409
536,590
536,503
536,232
536,183
536,552
536,237
536,409
536,267
536,443
536,423
536,173
536,469
536,265
536,442
536,253
536,558
536,284
536,167
536,129
232,590
232,503
232,536
232,183
232,552
232,237
232,409
232,492
232,387
232,235
232,441
232,367
301,422
301,162
301,467
301,375
301,185
301,259
301,206
301,55
301,39
301,221
301,327
301,58
301,438
301,450
301,545
301,283
301,40
301,286
301,382
301,535
301,408
422,301
422,162
422,467
422,375
422,185
422,259
422,206
422,55
422,39
422,221
422,327
422,58
422,438
422,450
422,545
422,283
422,40
422,286
422,382
422,535
422,408
375,301
375,422
375,162
375,467
375,185
375,259
375,206
375,55
375,39
375,221
375,327
375,58
375,438
375,450
375,545
375,283
375,40
375,286
375,382
375,535
375,408
375,362
375,239
375,18
375,213
375,524
375,179
375,7
375,574
375,431
375,223
375,90
375,144
375,369
375,471
375,205
375,36
375,19
375,196
375,91
375,455
375,234
375,589
375,351
375,533
375,569
259,301
259,422
259,162
259,467
259,375
259,185
259,206
259,55
259,39
259,221
259,327
259,58
259,438
259,450
259,545
259,283
259,40
259,286
259,382
259,535
259,408
259,27
259,343
259,80
259,442
259,559
259,315
259,429
259,362
259,361
259,417
259,20
259,43
259,69
259,564
259,567
259,5
259,102
259,17
259,49
259,167
259,195
259,345
259,36
259,405
259,561
259,468
259,546
259,369
259,93
259,288
259,454
206,301
206,422
206,162
206,467
206,375
206,185
206,259
206,55
206,39
206,221
206,327
206,58
206,438
206,450
206,545
206,283
206,40
206,286
206,382
206,535
206,408
55,301
55,422
55,162
55,467
55,375
55,185
55,259
55,206
55,39
55,221
55,327
55,58
55,438
55,450
55,545
55,283
55,40
55,286
55,382
55,535
55,408
39,301
39,422
39,162
39,467
39,375
39,185
39,259
39,206
39,55
39,221
39,327
39,58
39,438
39,450
39,545
39,283
39,40
39,286
39,382
39,535
39,408
39,605
39,505
39,289
39,525
39,368
39,248
39,555
39,571
221,301
221,422
221,162
221,467
221,375
221,185
221,259
221,206
221,55
221,39
221,327
221,58
221,438
221,450
221,545
221,283
221,40
221,286
221,382
221,535
221,408
58,301
58,422
58,162
58,467
58,375
58,185
58,259
58,206
58,55
58,39
58,221
58,327
58,438
58,450
58,545
58,283
58,40
58,286
58,382
58,535
58,408
438,301
438,422
438,162
438,467
438,375
438,185
438,259
438,206
438,55
438,39
438,221
438,327
438,58
438,450
438,545
438,283
438,40
438,286
438,382
438,535
438,408
450,301
450,422
450,162
450,467
450,375
450,185
450,259
450,206
450,55
450,39
450,221
450,327
450,58
450,438
450,545
450,283
450,40
450,286
450,382
450,535
450,408
545,301
545,422
545,162
545,467
545,375
545,185
545,259
545,206
545,55
545,39
545,221
545,327
545,58
545,438
545,450
545,283
545,40
545,286
545,382
545,535
545,408
545,167
545,195
545,345
545,36
545,405
545,561
545,468
545,546
545,369
545,5
545,93
545,102
545,288
545,454
545,44
545,505
545,359
545,172
545,70
545,314
545,553
545,380
545,171
545,17
545,109
545,141
545,559
545,163
545,94
545,164
545,331
545,187
545,370
283,301
283,422
283,162
283,467
283,375
283,185
283,259
283,206
283,55
283,39
283,221
283,327
283,58
283,438
283,450
283,545
283,40
283,286
283,382
283,535
283,408
283,27
283,343
283,80
283,442
283,559
283,48
283,605
283,74
283,140
283,325
283,390
283,231
283,472
283,603
283,308
283,155
283,95
283,291
283,12
283,315
283,119
283,88
283,567
283,163
283,420
283,94
283,505
283,138
283,240
283,89
283,340
283,216
283,424
283,416
283,344
283,279
283,67
283,213
283,17
283,109
283,418
283,484
283,65
283,388
283,444
283,154
283,457
283,574
283,174
283,51
283,429
283,15
283,337
283,108
283,361
283,132
283,392
283,338
283,215
283,486
283,179
283,129
283,280
283,16
283,480
283,410
283,376
283,547
283,346
283,362
283,417
283,20
283,43
283,69
283,564
283,5
283,102
283,49
283,580
283,118
283,461
283,602
283,314
283,353
283,463
283,369
283,273
283,589
283,517
283,167
283,195
283,345
283,36
283,405
283,561
283,468
283,546
283,93
283,288
283,454
283,90
283,554
283,370
283,436
283,597
283,219
283,306
283,531
283,287
283,526
283,357
283,328
283,380
283,595
283,96
283,430
283,290
283,521
283,372
283,68
283,116
283,553
283,54
283,122
283,123
283,578
283,514
283,115
283,539
283,354
283,398
40,301
40,422
40,162
40,467
40,375
40,185
40,259
40,206
40,55
40,39
40,221
40,327
40,58
40,438
40,450
40,545
40,283
40,286
40,382
40,535
40,408
40,544
40,77
40,95
40,328
40,184
40,589
40,566
40,88
40,10
40,369
40,27
40,218
40,294
40,472
40,473
40,418
40,323
40,204
40,102
40,517
40,122
40,606
40,215
40,561
40,370
40,94
40,521
40,372
40,68
40,116
40,553
40,54
40,123
40,578
40,605
40,514
40,288
552,590
552,503
552,536
552,232
552,183
552,237
552,409
237,590
237,503
237,536
237,232
237,183
237,552
237,409
286,301
286,422
286,162
286,467
286,375
286,185
286,259
286,206
286,55
286,39
286,221
286,327
286,58
286,438
286,450
286,545
286,283
286,40
286,382
286,535
286,408
409,590
409,503
409,536
409,232
409,183
409,552
409,237
409,131
409,488
409,214
409,506
409,579
409,601
409,487
409,159
409,65
382,301
382,422
382,162
382,467
382,375
382,185
382,259
382,206
382,55
382,39
382,221
382,327
382,58
382,438
382,450
382,545
382,283
382,40
382,286
382,535
382,408
535,301
535,422
535,162
535,467
535,375
535,185
535,259
535,206
535,55
535,39
535,221
535,327
535,58
535,438
535,450
535,545
535,283
535,40
535,286
535,382
535,408
535,27
535,343
535,80
535,442
535,559
535,91
535,164
535,362
535,352
535,186
535,544
535,288
535,328
535,65
535,505
535,580
535,242
535,581
535,223
535,324
535,228
535,22
535,554
535,234
535,472
535,119
535,90
535,370
535,436
535,597
535,219
535,306
535,531
535,287
535,526
505,39
505,605
505,289
505,525
505,368
505,242
505,292
505,91
505,402
505,328
505,70
505,600
505,100
505,219
505,198
505,556
505,144
505,306
505,66
505,535
505,580
505,27
505,80
505,164
505,581
505,223
505,324
505,288
505,228
505,22
505,559
505,94
505,138
505,291
505,240
505,283
505,89
505,340
505,216
505,424
505,416
505,344
505,279
505,554
505,234
505,472
505,16
505,174
505,118
505,362
505,461
505,602
505,314
505,353
505,463
505,239
505,293
505,521
505,36
505,331
505,44
505,359
505,545
505,172
505,553
505,380
505,171
505,163
505,201
505,68
505,372
505,263
505,213
505,141
505,230
505,102
92,274
92,220
92,281
92,578
92,298
92,426
92,243
92,475
92,59
289,39
289,605
289,505
289,525
289,368
220,274
220,92
220,281
220,578
220,298
220,426
220,243
220,475
220,59
525,39
525,605
525,505
525,289
525,368
281,274
281,92
281,220
281,578
281,298
281,426
281,243
281,475
281,59
368,39
368,605
368,505
368,289
368,525
298,274
298,92
298,220
298,281
298,578
298,426
298,243
298,475
298,59
298,252
298,492
298,515
298,495
298,501
298,290
298,268
298,448
298,565
298,532
298,199
298,335
298,183
298,598
298,127
298,604
298,308
298,267
298,360
298,490
298,101
298,558
298,288
298,341
298,347
298,504
298,496
426,274
426,92
426,220
426,281
426,578
426,298
426,243
426,475
426,59
426,21
426,273
426,222
426,97
426,496
426,154
426,47
426,404
426,565
426,506
426,269
426,151
426,490
426,540
426,197
426,238
243,274
243,92
243,220
243,281
243,578
243,298
243,426
243,475
243,59
59,274
59,92
59,220
59,281
59,578
59,298
59,426
59,243
59,475
242,292
242,91
242,505
242,402
242,328
242,70
242,600
242,100
242,219
242,605
242,198
242,556
242,144
242,306
242,66
242,535
242,580
242,27
242,80
242,164
242,581
242,223
242,324
242,288
242,228
242,22
242,559
242,239
242,293
242,521
242,463
242,36
242,331
74,34
74,26
74,440
74,192
74,283
74,48
74,605
74,140
74,325
91,242
91,292
91,505
91,402
91,328
91,70
91,600
91,100
91,219
91,605
91,198
91,556
91,144
91,306
91,66
91,164
91,535
91,362
91,352
91,186
91,544
91,288
91,80
91,65
91,239
91,18
91,213
91,524
91,179
91,7
91,574
91,431
91,223
91,90
91,369
91,471
91,375
91,205
91,36
91,19
91,196
91,455
91,234
91,589
91,351
91,533
91,569
91,370
91,163
91,27
91,463
91,201
402,242
402,292
402,91
402,505
402,328
402,70
402,600
402,100
402,219
402,605
402,198
402,556
402,144
402,306
402,66
328,242
328,292
328,91
328,505
328,402
328,70
328,600
328,100
328,219
328,605
328,198
328,556
328,144
328,306
328,66
328,164
328,535
328,362
328,352
328,186
328,544
328,288
328,80
328,65
328,40
328,327
328,77
328,95
328,184
328,589
328,566
328,88
328,10
328,369
328,27
328,218
328,294
328,472
328,473
328,418
328,323
328,204
328,102
328,517
328,122
328,606
328,357
328,308
328,174
328,380
328,595
328,96
328,283
328,430
328,370
328,290
328,94
328,521
328,372
328,68
328,116
328,553
328,54
328,123
328,578
328,514
70,242
70,292
70,91
70,505
70,402
70,328
70,600
70,100
70,219
70,605
70,198
70,556
70,144
70,306
70,66
70,44
70,359
70,545
70,172
70,314
70,553
70,380
70,171
100,242
100,292
100,91
100,505
100,402
100,328
100,70
100,600
100,219
100,605
100,198
100,556
100,144
100,306
100,66
440,34
440,74
440,26
440,192
219,242
219,292
219,91
219,505
219,402
219,328
219,70
219,600
219,100
219,605
219,198
219,556
219,144
219,306
219,66
219,582
219,502
219,127
219,524
219,327
219,111
219,405
219,565
219,93
219,88
219,119
219,535
219,90
219,554
219,370
219,436
219,597
219,283
219,531
219,287
219,526
198,242
198,292
198,91
198,505
198,402
198,328
198,70
198,600
198,100
198,219
198,605
198,556
198,144
198,306
198,66
556,242
556,292
556,91
556,505
556,402
556,328
556,70
556,600
556,100
556,219
556,605
556,198
556,144
556,306
556,66
556,1
556,22
556,2
144,242
144,292
144,91
144,505
144,402
144,328
144,70
144,600
144,100
144,219
144,605
144,198
144,556
144,306
144,66
144,362
144,239
144,18
144,213
144,524
144,179
144,7
144,574
144,431
144,223
144,90
144,369
144,471
144,375
144,205
144,36
144,19
144,196
144,455
144,234
144,589
144,351
144,533
144,569
306,242
306,292
306,91
306,505
306,402
306,328
306,70
306,600
306,100
306,219
306,605
306,198
306,556
306,144
306,66
306,119
306,535
306,90
306,554
306,370
306,436
306,597
306,327
306,283
306,531
306,287
306,526
192,34
192,74
192,26
192,440
1,556
1,22
1,2
22,556
22,1
22,2
22,535
22,505
22,580
22,27
22,80
22,164
22,242
22,581
22,223
22,324
22,288
22,228
22,559
2,556
2,1
2,22
264,272
27,535
27,343
27,259
27,80
27,283
27,442
27,559
27,86
27,67
27,196
27,505
27,580
27,164
27,242
27,581
27,223
27,324
27,288
27,228
27,22
27,17
27,19
27,282
27,54
27,549
27,231
27,5
27,544
27,40
27,327
27,77
27,95
27,328
27,184
27,589
27,566
27,88
27,10
27,369
27,218
27,294
27,472
27,473
27,418
27,323
27,204
27,102
27,517
27,122
27,606
27,370
27,91
27,163
27,261
27,280
27,16
27,480
27,410
27,376
27,547
27,346
27,31
27,372
27,72
27,202
27,569
27,263
27,330
27,463
27,279
27,69
27,524
27,36
27,251
27,427
27,94
27,174
27,399
27,65
27,337
27,333
27,104
27,241
27,374
27,561
27,593
27,132
27,15
27,257
27,151
557,492
557,441
557,575
557,364
557,76
557,540
557,366
557,332
343,27
343,535
343,259
343,80
343,283
343,442
343,559
343,94
343,337
343,172
343,484
343,574
343,291
343,571
343,580
343,454
343,18
343,514
343,60
343,470
343,195
343,429
343,344
343,589
343,493
343,537
343,323
343,253
343,5
343,354
343,202
343,36
343,251
343,427
343,164
343,174
343,399
343,65
343,122
343,333
492,557
492,441
492,575
492,364
492,76
492,387
492,232
492,235
492,367
492,252
492,298
492,515
441,557
441,492
441,575
441,364
441,76
441,387
441,232
441,235
441,367
80,27
80,535
80,343
80,259
80,283
80,442
80,559
80,91
80,164
80,362
80,352
80,186
80,544
80,288
80,328
80,65
80,505
80,580
80,242
80,581
80,223
80,324
80,228
80,22
575,557
575,492
575,441
575,364
575,76
364,557
364,492
364,441
364,575
364,76
559,27
559,535
559,343
559,259
559,80
559,283
559,442
559,505
559,580
559,164
559,242
559,581
559,223
559,324
559,288
559,228
559,22
559,141
559,327
559,545
559,163
559,94
559,561
559,331
559,187
559,370
387,492
387,232
387,235
387,441
387,367
86,27
86,67
86,196
67,27
67,86
67,196
67,362
67,38
67,388
67,210
67,287
67,213
67,17
67,109
67,418
67,484
67,65
67,48
67,444
67,154
67,457
67,574
67,174
67,51
67,429
67,15
67,283
67,337
67,108
67,361
67,132
67,472
67,392
67,338
67,215
67,486
67,179
67,129
67,260
67,150
67,551
67,379
67,14
67,13
67,288
235,492
235,387
235,232
235,441
235,367
367,492
367,387
367,232
367,235
367,441
164,91
164,535
164,362
164,352
164,186
164,544
164,288
164,328
164,80
164,65
164,505
164,580
164,27
164,242
164,581
164,223
164,324
164,228
164,22
164,559
164,17
164,19
164,282
164,54
164,549
164,231
164,5
164,174
164,466
164,45
164,473
164,111
164,489
164,141
164,327
164,545
164,163
164,94
164,561
164,331
164,187
164,370
164,202
164,36
164,251
164,427
164,343
164,399
164,337
164,122
164,333
164,151
362,91
362,164
362,535
362,352
362,186
362,544
362,288
362,328
362,80
362,65
362,239
362,18
362,213
362,524
362,179
362,7
362,574
362,431
362,223
362,90
362,144
362,369
362,471
362,375
362,205
362,36
362,19
362,196
362,455
362,234
362,589
362,351
362,533
362,569
362,38
362,388
362,67
362,210
362,287
362,315
362,429
362,361
362,417
362,20
362,259
362,43
362,69
362,564
362,567
362,5
362,102
362,17
362,49
362,283
362,16
362,505
362,174
362,580
362,118
362,461
362,602
362,314
362,353
362,463
362,260
362,150
362,551
362,379
362,14
362,13
362,15
352,91
352,164
352,535
352,362
352,186
352,544
352,288
352,328
352,80
352,65
352,49
352,483
352,358
352,429
352,455
352,204
186,91
186,164
186,535
186,362
186,352
186,544
186,288
186,328
186,80
186,65
208,404
208,46
208,551
208,87
208,503
208,78
404,208
404,46
404,551
404,87
404,503
404,78
404,21
404,273
404,222
404,97
404,426
404,496
404,154
404,47
404,565
544,91
544,164
544,535
544,362
544,352
544,186
544,288
544,328
544,80
544,65
544,40
544,327
544,77
544,95
544,184
544,589
544,566
544,88
544,10
544,369
544,27
544,218
544,294
544,472
544,473
544,418
544,323
544,204
544,102
544,517
544,122
544,606
288,91
288,164
288,535
288,362
288,352
288,186
288,544
288,328
288,80
288,65
288,505
288,580
288,27
288,242
288,581
288,223
288,324
288,228
288,22
288,559
288,308
288,251
288,315
288,32
288,496
288,326
288,545
288,283
288,167
288,259
288,195
288,345
288,36
288,405
288,561
288,468
288,546
288,369
288,5
288,93
288,102
288,454
288,604
288,267
288,360
288,127
288,490
288,101
288,501
288,298
288,558
288,341
288,347
288,504
288,40
288,94
288,521
288,372
288,68
288,116
288,553
288,54
288,370
288,122
288,123
288,578
288,605
288,514
288,260
288,150
288,551
288,379
288,14
288,67
288,13
288,15
288,524
288,593
288,132
288,257
551,208
551,404
551,46
551,87
551,503
551,78
551,260
551,150
551,379
551,14
551,67
551,362
551,13
551,15
551,288
87,208
87,404
87,46
87,551
87,503
87,78
78,208
78,404
78,46
78,551
78,87
78,503
65,91
65,164
65,535
65,362
65,352
65,186
65,544
65,288
65,328
65,80
65,131
65,409
65,488
65,214
65,506
65,579
65,601
65,487
65,159
65,67
65,213
65,17
65,109
65,418
65,484
65,48
65,388
65,444
65,154
65,457
65,574
65,174
65,51
65,429
65,15
65,283
65,337
65,108
65,361
65,132
65,472
65,392
65,338
65,215
65,486
65,179
65,129
65,202
65,36
65,251
65,27
65,427
65,343
65,94
65,399
65,122
65,333
65,104
65,241
65,5
65,19
65,374
65,369
21,273
21,222
21,97
21,426
21,496
21,154
21,47
21,404
21,565
273,21
273,222
273,97
273,426
273,496
273,154
273,47
273,404
273,565
273,369
273,283
273,589
273,517
222,21
222,273
222,97
222,426
222,496
222,154
222,47
222,404
222,565
97,21
97,273
97,222
97,426
97,496
97,154
97,47
97,404
97,565
97,173
97,379
97,152
97,31
97,295
97,506
496,21
496,273
496,222
496,97
496,426
496,154
496,47
496,404
496,565
496,308
496,251
496,315
496,32
496,326
496,288
496,271
496,341
496,31
496,490
496,250
496,150
496,400
496,506
496,384
496,446
496,252
496,298
496,321
496,207
496,534
581,535
581,505
581,580
581,27
581,80
581,164
581,242
581,223
581,324
581,288
581,228
581,22
581,559
223,535
223,505
223,580
223,27
223,80
223,164
223,242
223,581
223,324
223,288
223,228
223,22
223,559
223,362
223,239
223,18
223,213
223,524
223,179
223,7
223,574
223,431
223,90
223,144
223,369
223,471
223,375
223,205
223,36
223,19
223,196
223,91
223,455
223,234
223,589
223,351
223,533
223,569
223,261
223,463
223,94
223,353
223,560
223,263
223,374
154,21
154,273
154,222
154,97
154,426
154,496
154,47
154,404
154,565
154,67
154,213
154,17
154,109
154,418
154,484
154,65
154,48
154,388
154,444
154,457
154,574
154,174
154,51
154,429
154,15
154,283
154,337
154,108
154,361
154,132
154,472
154,392
154,338
154,215
154,486
154,179
154,129
154,8
154,106
154,360
154,269
154,363
154,509
154,57
154,290
154,252
154,335
154,587
154,495
154,227
154,321
154,596
154,506
154,601
154,504
154,540
324,535
324,505
324,580
324,27
324,80
324,164
324,242
324,581
324,223
324,288
324,228
324,22
324,559
47,21
47,273
47,222
47,97
47,426
47,496
47,154
47,404
47,565
228,535
228,505
228,580
228,27
228,80
228,164
228,242
228,581
228,223
228,324
228,288
228,22
228,559
565,21
565,273
565,222
565,97
565,426
565,496
565,154
565,47
565,404
565,8
565,106
565,360
565,412
565,538
565,494
565,540
565,31
565,124
565,582
565,502
565,219
565,127
565,524
565,327
565,111
565,405
565,93
565,88
565,495
565,501
565,290
565,298
565,268
565,448
565,532
565,449
565,252
565,199
565,335
565,183
565,598
565,491
565,447
248,39
248,555
248,571
555,39
555,248
555,571
48,283
48,605
48,74
48,140
48,325
48,67
48,213
48,17
48,109
48,418
48,484
48,65
48,388
48,444
48,154
48,457
48,574
48,174
48,51
48,429
48,15
48,337
48,108
48,361
48,132
48,472
48,392
48,338
48,215
48,486
48,179
48,129
140,283
140,48
140,605
140,74
140,325
325,283
325,48
325,605
325,74
325,140
239,362
239,18
239,213
239,524
239,179
239,7
239,574
239,431
239,223
239,90
239,144
239,369
239,471
239,375
239,205
239,36
239,19
239,196
239,91
239,455
239,234
239,589
239,351
239,533
239,569
239,505
239,293
239,242
239,521
239,463
239,331
18,362
18,239
18,213
18,524
18,179
18,7
18,574
18,431
18,223
18,90
18,144
18,369
18,471
18,375
18,205
18,36
18,19
18,196
18,91
18,455
18,234
18,589
18,351
18,533
18,569
18,94
18,337
18,172
18,484
18,291
18,571
18,580
18,343
18,454
18,514
18,60
18,470
18,195
18,429
18,344
18,493
18,537
18,323
18,253
18,5
18,354
213,362
213,239
213,18
213,524
213,179
213,7
213,574
213,431
213,223
213,90
213,144
213,369
213,471
213,375
213,205
213,36
213,19
213,196
213,91
213,455
213,234
213,589
213,351
213,533
213,569
213,67
213,17
213,109
213,418
213,484
213,65
213,48
213,388
213,444
213,154
213,457
213,174
213,51
213,429
213,15
213,283
213,337
213,108
213,361
213,132
213,472
213,392
213,338
213,215
213,486
213,129
213,68
213,505
213,372
213,263
213,141
213,602
213,230
213,102
524,362
524,239
524,18
524,213
524,179
524,7
524,574
524,431
524,223
524,90
524,144
524,369
524,471
524,375
524,205
524,36
524,19
524,196
524,91
524,455
524,234
524,589
524,351
524,533
524,569
524,31
524,372
524,16
524,27
524,72
524,202
524,263
524,330
524,463
524,279
524,69
524,582
524,502
524,219
524,127
524,327
524,111
524,405
524,565
524,93
524,88
524,561
524,593
524,132
524,288
524,15
524,257
179,362
179,239
179,18
179,213
179,524
179,7
179,574
179,431
179,223
179,90
179,144
179,369
179,471
179,375
179,205
179,36
179,19
179,196
179,91
179,455
179,234
179,589
179,351
179,533
179,569
179,67
179,17
179,109
179,418
179,484
179,65
179,48
179,388
179,444
179,154
179,457
179,174
179,51
179,429
179,15
179,283
179,337
179,108
179,361
179,132
179,472
179,392
179,338
179,215
179,486
179,129
7,362
7,239
7,18
7,213
7,524
7,179
7,574
7,431
7,223
7,90
7,144
7,369
7,471
7,375
7,205
7,36
7,19
7,196
7,91
7,455
7,234
7,589
7,351
7,533
7,569
574,362
574,239
574,18
574,213
574,524
574,179
574,7
574,431
574,223
574,90
574,144
574,369
574,471
574,375
574,205
574,36
574,19
574,196
574,91
574,455
574,234
574,589
574,351
574,533
574,569
574,315
574,329
574,457
574,57
574,67
574,17
574,109
574,418
574,484
574,65
574,48
574,388
574,444
574,154
574,174
574,51
574,429
574,15
574,283
574,337
574,108
574,361
574,132
574,472
574,392
574,338
574,215
574,486
574,129
574,417
574,371
574,482
574,49
574,336
574,584
574,467
574,94
574,172
574,291
574,571
574,580
574,343
574,454
574,514
574,60
574,470
574,195
574,344
574,493
574,537
574,323
574,253
574,5
574,354
431,362
431,239
431,18
431,213
431,524
431,179
431,7
431,574
431,223
431,90
431,144
431,369
431,471
431,375
431,205
431,36
431,19
431,196
431,91
431,455
431,234
431,589
431,351
431,533
431,569
90,362
90,239
90,18
90,213
90,524
90,179
90,7
90,574
90,431
90,223
90,144
90,369
90,471
90,375
90,205
90,36
90,19
90,196
90,91
90,455
90,234
90,589
90,351
90,533
90,569
90,119
90,535
90,554
90,370
90,436
90,597
90,219
90,327
90,283
90,306
90,531
90,287
90,526
369,362
369,239
369,18
369,213
369,524
369,179
369,7
369,574
369,431
369,223
369,90
369,144
369,471
369,375
369,205
369,36
369,19
369,196
369,91
369,455
369,234
369,589
369,351
369,533
369,569
369,544
369,40
369,327
369,77
369,95
369,328
369,184
369,566
369,88
369,10
369,27
369,218
369,294
369,472
369,473
369,418
369,323
369,204
369,102
369,517
369,122
369,606
369,273
369,283
369,545
369,167
369,259
369,195
369,345
369,405
369,561
369,468
369,546
369,5
369,93
369,288
369,454
369,427
369,104
369,65
369,241
369,374
471,362
471,239
471,18
471,213
471,524
471,179
471,7
471,574
471,431
471,223
471,90
471,144
471,369
471,375
471,205
471,36
471,19
471,196
471,91
471,455
471,234
471,589
471,351
471,533
471,569
205,362
205,239
205,18
205,213
205,524
205,179
205,7
205,574
205,431
205,223
205,90
205,144
205,369
205,471
205,375
205,36
205,19
205,196
205,91
205,455
205,234
205,589
205,351
205,533
205,569
36,362
36,239
36,18
36,213
36,524
36,179
36,7
36,574
36,431
36,223
36,90
36,144
36,369
36,471
36,375
36,205
36,19
36,196
36,91
36,455
36,234
36,589
36,351
36,533
36,569
36,548
36,263
36,602
36,317
36,102
36,326
36,505
36,293
36,242
36,521
36,463
36,331
36,545
36,283
36,167
36,259
36,195
36,345
36,405
36,561
36,468
36,546
36,5
36,93
36,288
36,454
36,163
36,201
36,202
36,251
36,27
36,427
36,343
36,164
36,94
36,174
36,399
36,65
36,337
36,122
36,333
19,362
19,239
19,18
19,213
19,524
19,179
19,7
19,574
19,431
19,223
19,90
19,144
19,369
19,471
19,375
19,205
19,36
19,196
19,91
19,455
19,234
19,589
19,351
19,533
19,569
19,17
19,164
19,27
19,282
19,54
19,549
19,231
19,5
19,427
19,104
19,65
19,241
19,374
455,362
455,239
455,18
455,213
455,524
455,179
455,7
455,574
455,431
455,223
455,90
455,144
455,369
455,471
455,375
455,205
455,36
455,19
455,196
455,91
455,234
455,589
455,351
455,533
455,569
455,49
455,483
455,358
455,429
455,204
455,352
234,362
234,239
234,18
234,213
234,524
234,179
234,7
234,574
234,431
234,223
234,90
234,144
234,369
234,471
234,375
234,205
234,36
234,19
234,196
234,91
234,455
234,589
234,351
234,533
234,569
234,554
234,535
234,505
234,472
589,362
589,239
589,18
589,213
589,524
589,179
589,7
589,574
589,431
589,223
589,90
589,144
589,369
589,471
589,375
589,205
589,36
589,19
589,196
589,91
589,455
589,234
589,351
589,533
589,569
589,544
589,40
589,327
589,77
589,95
589,328
589,184
589,566
589,88
589,10
589,27
589,218
589,294
589,472
589,473
589,418
589,323
589,204
589,102
589,517
589,122
589,606
589,273
589,283
589,94
589,337
589,172
589,484
589,291
589,571
589,580
589,343
589,454
589,514
589,60
589,470
589,195
589,429
589,344
589,493
589,537
589,253
589,5
589,354
351,362
351,239
351,18
351,213
351,524
351,179
351,7
351,574
351,431
351,223
351,90
351,144
351,369
351,471
351,375
351,205
351,36
351,19
351,196
351,91
351,455
351,234
351,589
351,533
351,569
351,417
351,371
351,482
351,49
351,336
351,584
351,467
533,362
533,239
533,18
533,213
533,524
533,179
533,7
533,574
533,431
533,223
533,90
533,144
533,369
533,471
533,375
533,205
533,36
533,19
533,196
533,91
533,455
533,234
533,589
533,351
533,569
569,362
569,239
569,18
569,213
569,524
569,179
569,7
569,574
569,431
569,223
569,90
569,144
569,369
569,471
569,375
569,205
569,36
569,19
569,196
569,91
569,455
569,234
569,589
569,351
569,533
569,31
569,372
569,16
569,27
569,72
569,202
569,263
569,330
569,463
569,279
569,69
17,164
17,27
17,19
17,282
17,54
17,549
17,231
17,5
17,67
17,213
17,109
17,418
17,484
17,65
17,48
17,388
17,444
17,154
17,457
17,574
17,174
17,51
17,429
17,15
17,283
17,337
17,108
17,361
17,132
17,472
17,392
17,338
17,215
17,486
17,179
17,129
17,315
17,362
17,417
17,20
17,259
17,43
17,69
17,564
17,567
17,102
17,49
17,545
17,151
506,269
506,151
506,426
506,490
506,540
506,131
506,409
506,488
506,214
506,579
506,601
506,487
506,159
506,65
506,173
506,379
506,152
506,97
506,31
506,295
506,335
506,587
506,495
506,227
506,321
506,596
506,154
506,15
506,504
506,271
506,341
506,496
506,250
506,150
506,400
506,384
506,446
506,252
506,207
506,534
269,506
269,151
269,426
269,490
269,540
269,363
269,154
269,509
269,57
269,290
269,15
269,252
269,335
269,587
269,495
269,227
269,321
269,596
269,601
269,504
151,506
151,269
151,426
151,490
151,540
151,17
151,164
151,27
151,282
151,54
151,549
151,231
151,5
282,17
282,164
282,27
282,19
282,54
282,549
282,231
282,5
282,151
54,17
54,164
54,27
54,19
54,282
54,549
54,231
54,5
54,40
54,328
54,94
54,521
54,372
54,68
54,116
54,553
54,283
54,370
54,122
54,123
54,578
54,605
54,514
54,288
54,174
54,466
54,45
54,473
54,111
54,489
54,151
549,17
549,164
549,27
549,19
549,282
549,54
549,231
549,5
549,151
231,17
231,164
231,27
231,19
231,282
231,54
231,549
231,5
231,390
231,472
231,603
231,308
231,155
231,283
231,151
5,17
5,164
5,27
5,19
5,282
5,54
5,549
5,231
5,315
5,429
5,362
5,361
5,417
5,20
5,259
5,43
5,69
5,564
5,567
5,102
5,49
5,283
5,545
5,167
5,195
5,345
5,36
5,405
5,561
5,468
5,546
5,369
5,93
5,288
5,454
5,94
5,337
5,172
5,484
5,574
5,291
5,571
5,580
5,343
5,18
5,514
5,60
5,470
5,344
5,589
5,493
5,537
5,323
5,253
5,354
5,427
5,104
5,65
5,241
5,374
5,151
490,506
490,269
490,151
490,426
490,540
490,271
490,341
490,31
490,496
490,250
490,150
490,400
490,384
490,446
490,252
490,604
490,308
490,267
490,360
490,127
490,101
490,501
490,298
490,558
490,288
490,347
490,504
540,506
540,269
540,151
540,426
540,490
540,360
540,340
540,571
540,366
540,76
540,332
540,557
540,188
540,538
540,63
540,347
540,265
540,494
540,126
540,448
540,180
540,412
540,565
540,31
540,124
540,335
540,587
540,495
540,227
540,321
540,596
540,154
540,15
540,601
540,504
540,449
540,252
540,579
540,570
540,491
540,183
540,447
390,231
390,472
390,603
390,308
390,155
390,283
360,340
360,540
360,571
360,8
360,106
360,565
360,154
360,604
360,308
360,267
360,127
360,490
360,101
360,501
360,298
360,558
360,288
360,341
360,347
360,504
340,360
340,540
340,571
340,94
340,505
340,138
340,291
340,240
340,283
340,89
340,216
340,424
340,416
340,344
340,279
472,390
472,231
472,603
472,308
472,155
472,283
472,67
472,213
472,17
472,109
472,418
472,484
472,65
472,48
472,388
472,444
472,154
472,457
472,574
472,174
472,51
472,429
472,15
472,337
472,108
472,361
472,132
472,392
472,338
472,215
472,486
472,179
472,129
472,544
472,40
472,327
472,77
472,95
472,328
472,184
472,589
472,566
472,88
472,10
472,369
472,27
472,218
472,294
472,473
472,323
472,204
472,102
472,517
472,122
472,606
472,554
472,535
472,505
472,234
155,390
155,231
155,472
155,603
155,308
155,283
434,582
582,434
582,502
582,219
582,127
582,524
582,327
582,111
582,405
582,565
582,93
582,88
366,540
366,76
366,332
366,557
332,540
332,366
332,76
332,557
332,412
38,362
38,388
38,67
38,210
38,287
388,362
388,38
388,67
388,210
388,287
388,213
388,17
388,109
388,418
388,484
388,65
388,48
388,444
388,154
388,457
388,574
388,174
388,51
388,429
388,15
388,283
388,337
388,108
388,361
388,132
388,472
388,392
388,338
388,215
388,486
388,179
388,129
210,362
210,38
210,388
210,67
210,287
287,362
287,38
287,388
287,67
287,210
287,119
287,535
287,90
287,554
287,370
287,436
287,597
287,219
287,327
287,283
287,306
287,531
287,526
315,329
315,457
315,57
315,574
315,308
315,251
315,32
315,496
315,326
315,288
315,95
315,291
315,12
315,119
315,88
315,567
315,283
315,163
315,420
315,429
315,362
315,361
315,417
315,20
315,259
315,43
315,69
315,564
315,5
315,102
315,17
315,49
457,315
457,329
457,57
457,574
457,67
457,213
457,17
457,109
457,418
457,484
457,65
457,48
457,388
457,444
457,154
457,174
457,51
457,429
457,15
457,283
457,337
457,108
457,361
457,132
457,472
457,392
457,338
457,215
457,486
457,179
457,129
188,76
188,540
57,315
57,329
57,457
57,574
57,269
57,363
57,154
57,509
57,290
57,15
57,252
32,308
32,251
32,315
32,496
32,326
32,288
32,125
32,563
32,14
32,255
326,308
326,251
326,315
326,32
326,496
326,288
326,548
326,36
326,263
326,602
326,317
326,102
95,291
95,12
95,315
95,119
95,88
95,567
95,283
95,163
95,420
95,544
95,40
95,327
95,77
95,328
95,184
95,589
95,566
95,10
95,369
95,27
95,218
95,294
95,472
95,473
95,418
95,323
95,204
95,102
95,517
95,122
95,606
291,95
291,12
291,315
291,119
291,88
291,567
291,283
291,163
291,420
291,94
291,505
291,138
291,240
291,89
291,340
291,216
291,424
291,416
291,344
291,279
291,337
291,172
291,484
291,574
291,571
291,580
291,343
291,454
291,18
291,514
291,60
291,470
291,195
291,429
291,589
291,493
291,537
291,323
291,253
291,5
291,354
12,95
12,291
12,315
12,119
12,88
12,567
12,283
12,163
12,420
252,298
252,492
252,515
252,269
252,363
252,154
252,509
252,57
252,290
252,15
252,271
252,341
252,31
252,496
252,490
252,250
252,150
252,400
252,506
252,384
252,446
252,565
252,449
252,540
88,95
88,291
88,12
88,315
88,119
88,567
88,283
88,163
88,420
88,544
88,40
88,327
88,77
88,328
88,184
88,589
88,566
88,10
88,369
88,27
88,218
88,294
88,472
88,473
88,418
88,323
88,204
88,102
88,517
88,122
88,606
88,582
88,502
88,219
88,127
88,524
88,111
88,405
88,565
88,93
567,95
567,291
567,12
567,315
567,119
567,88
567,283
567,163
567,420
567,429
567,362
567,361
567,417
567,20
567,259
567,43
567,69
567,564
567,5
567,102
567,17
567,49
515,252
515,298
515,492
515,99
163,95
163,291
163,12
163,315
163,119
163,88
163,567
163,283
163,420
163,370
163,91
163,27
163,463
163,36
163,505
163,201
163,141
163,327
163,545
163,559
163,94
163,164
163,561
163,331
163,187
420,95
420,291
420,12
420,315
420,119
420,88
420,567
420,283
420,163
94,505
94,138
94,291
94,240
94,283
94,89
94,340
94,216
94,424
94,416
94,344
94,279
94,40
94,328
94,521
94,372
94,68
94,116
94,553
94,54
94,370
94,122
94,123
94,578
94,605
94,514
94,288
94,337
94,172
94,484
94,574
94,571
94,580
94,343
94,454
94,18
94,60
94,470
94,195
94,429
94,589
94,493
94,537
94,323
94,253
94,5
94,354
94,141
94,327
94,545
94,559
94,163
94,164
94,561
94,331
94,187
94,202
94,36
94,251
94,27
94,427
94,174
94,399
94,65
94,333
94,223
94,463
94,353
94,560
94,263
94,374
138,94
138,505
138,291
138,240
138,283
138,89
138,340
138,216
138,424
138,416
138,344
138,279
240,94
240,505
240,138
240,291
240,283
240,89
240,340
240,216
240,424
240,416
240,344
240,279
240,444
240,553
89,94
89,505
89,138
89,291
89,240
89,283
89,340
89,216
89,424
89,416
89,344
89,279
424,94
424,505
424,138
424,291
424,240
424,283
424,89
424,340
424,216
424,416
424,344
424,279
416,94
416,505
416,138
416,291
416,240
416,283
416,89
416,340
416,216
416,424
416,344
416,279
344,94
344,505
344,138
344,291
344,240
344,283
344,89
344,340
344,216
344,424
344,416
344,279
344,337
344,172
344,484
344,574
344,571
344,580
344,343
344,454
344,18
344,514
344,60
344,470
344,195
344,429
344,589
344,493
344,537
344,323
344,253
344,5
344,354
279,94
279,505
279,138
279,291
279,240
279,283
279,89
279,340
279,216
279,424
279,416
279,344
279,31
279,372
279,16
279,27
279,72
279,202
279,569
279,263
279,330
279,463
279,69
279,524
131,409
131,488
131,214
131,506
131,579
131,601
131,487
131,159
131,65
488,131
488,409
488,214
488,506
488,579
488,601
488,487
488,159
488,65
601,131
601,409
601,488
601,214
601,506
601,579
601,487
601,159
601,65
601,504
601,335
601,587
601,269
601,495
601,227
601,321
601,596
601,154
601,15
601,540
487,131
487,409
487,488
487,214
487,506
487,579
487,601
487,159
487,65
159,131
159,409
159,488
159,214
159,506
159,579
159,601
159,487
159,65
159,182
159,346
159,347
159,194
444,240
444,553
444,67
444,213
444,17
444,109
444,418
444,484
444,65
444,48
444,388
444,154
444,457
444,574
444,174
444,51
444,429
444,15
444,283
444,337
444,108
444,361
444,132
444,472
444,392
444,338
444,215
444,486
444,179
444,129
165,467
165,442
165,407
553,444
553,240
553,44
553,505
553,359
553,545
553,172
553,70
553,314
553,380
553,171
553,40
553,328
553,94
553,521
553,372
553,68
553,116
553,283
553,54
553,370
553,122
553,123
553,578
553,605
553,514
553,288
553,355
553,104
553,520
553,128
407,467
407,165
407,442
109,67
109,213
109,17
109,418
109,484
109,65
109,48
109,388
109,444
109,154
109,457
109,574
109,174
109,51
109,429
109,15
109,283
109,337
109,108
109,361
109,132
109,472
109,392
109,338
109,215
109,486
109,179
109,129
109,545
484,67
484,213
484,17
484,109
484,418
484,65
484,48
484,388
484,444
484,154
484,457
484,574
484,174
484,51
484,429
484,15
484,283
484,337
484,108
484,361
484,132
484,472
484,392
484,338
484,215
484,486
484,179
484,129
484,94
484,172
484,291
484,571
484,580
484,343
484,454
484,18
484,514
484,60
484,470
484,195
484,344
484,589
484,493
484,537
484,323
484,253
484,5
484,354
174,67
174,213
174,17
174,109
174,418
174,484
174,65
174,48
174,388
174,444
174,154
174,457
174,574
174,51
174,429
174,15
174,283
174,337
174,108
174,361
174,132
174,472
174,392
174,338
174,215
174,486
174,179
174,129
174,16
174,505
174,580
174,118
174,362
174,461
174,602
174,314
174,353
174,463
174,357
174,308
174,328
174,380
174,595
174,96
174,430
174,370
174,290
174,466
174,54
174,45
174,473
174,111
174,489
174,164
174,202
174,36
174,251
174,27
174,427
174,343
174,94
174,399
174,122
174,333
51,67
51,213
51,17
51,109
51,418
51,484
51,65
51,48
51,388
51,444
51,154
51,457
51,574
51,174
51,429
51,15
51,283
51,337
51,108
51,361
51,132
51,472
51,392
51,338
51,215
51,486
51,179
51,129
51,141
51,442
51,293
51,119
51,602
429,67
429,213
429,17
429,109
429,418
429,484
429,65
429,48
429,388
429,444
429,154
429,457
429,574
429,174
429,51
429,15
429,283
429,337
429,108
429,361
429,132
429,472
429,392
429,338
429,215
429,486
429,179
429,129
429,315
429,362
429,417
429,20
429,259
429,43
429,69
429,564
429,567
429,5
429,102
429,49
429,483
429,358
429,455
429,204
429,352
429,94
429,172
429,291
429,571
429,580
429,343
429,454
429,18
429,514
429,60
429,470
429,195
429,344
429,589
429,493
429,537
429,323
429,253
429,354
15,67
15,213
15,17
15,109
15,418
15,484
15,65
15,48
15,388
15,444
15,154
15,457
15,574
15,174
15,51
15,429
15,283
15,337
15,108
15,361
15,132
15,472
15,392
15,338
15,215
15,486
15,179
15,129
15,269
15,363
15,509
15,57
15,290
15,252
15,335
15,587
15,495
15,227
15,321
15,596
15,506
15,601
15,504
15,540
15,260
15,150
15,551
15,379
15,14
15,362
15,13
15,288
15,27
15,561
15,524
15,593
15,257
108,67
108,213
108,17
108,109
108,418
108,484
108,65
108,48
108,388
108,444
108,154
108,457
108,574
108,174
108,51
108,429
108,15
108,283
108,337
108,361
108,132
108,472
108,392
108,338
108,215
108,486
108,179
108,129
132,67
132,213
132,17
132,109
132,418
132,484
132,65
132,48
132,388
132,444
132,154
132,457
132,574
132,174
132,51
132,429
132,15
132,283
132,337
132,108
132,361
132,472
132,392
132,338
132,215
132,486
132,179
132,129
132,27
132,561
132,524
132,593
132,288
132,257
392,67
392,213
392,17
392,109
392,418
392,484
392,65
392,48
392,388
392,444
392,154
392,457
392,574
392,174
392,51
392,429
392,15
392,283
392,337
392,108
392,361
392,132
392,472
392,338
392,215
392,486
392,179
392,129
338,67
338,213
338,17
338,109
338,418
338,484
338,65
338,48
338,388
338,444
338,154
338,457
338,574
338,174
338,51
338,429
338,15
338,283
338,337
338,108
338,361
338,132
338,472
338,392
338,215
338,486
338,179
338,129
215,67
215,213
215,17
215,109
215,418
215,484
215,65
215,48
215,388
215,444
215,154
215,457
215,574
215,174
215,51
215,429
215,15
215,283
215,337
215,108
215,361
215,132
215,472
215,392
215,338
215,486
215,179
215,129
215,40
215,561
215,370
486,67
486,213
486,17
486,109
486,418
486,484
486,65
486,48
486,388
486,444
486,154
486,457
486,574
486,174
486,51
486,429
486,15
486,283
486,337
486,108
486,361
486,132
486,472
486,392
486,338
486,215
486,179
486,129
129,67
129,213
129,17
129,109
129,418
129,484
129,65
129,48
129,388
129,444
129,154
129,457
129,574
129,174
129,51
129,429
129,15
129,283
129,337
129,108
129,361
129,132
129,472
129,392
129,338
129,215
129,486
129,179
129,183
129,267
129,443
129,423
129,536
129,173
129,469
129,265
129,442
129,253
129,558
129,284
129,167
77,544
77,40
77,327
77,95
77,328
77,184
77,589
77,566
77,88
77,10
77,369
77,27
77,218
77,294
77,472
77,473
77,418
77,323
77,204
77,102
77,517
77,122
77,606
184,544
184,40
184,327
184,77
184,95
184,328
184,589
184,566
184,88
184,10
184,369
184,27
184,218
184,294
184,472
184,473
184,418
184,323
184,204
184,102
184,517
184,122
184,606
566,544
566,40
566,327
566,77
566,95
566,328
566,184
566,589
566,88
566,10
566,369
566,27
566,218
566,294
566,472
566,473
566,418
566,323
566,204
566,102
566,517
566,122
566,606
294,544
294,40
294,327
294,77
294,95
294,328
294,184
294,589
294,566
294,88
294,10
294,369
294,27
294,218
294,472
294,473
294,418
294,323
294,204
294,102
294,517
294,122
294,606
473,544
473,40
473,327
473,77
473,95
473,328
473,184
473,589
473,566
473,88
473,10
473,369
473,27
473,218
473,294
473,472
473,418
473,323
473,204
473,102
473,517
473,122
473,606
473,174
473,466
473,54
473,45
473,111
473,489
473,164
323,544
323,40
323,327
323,77
323,95
323,328
323,184
323,589
323,566
323,88
323,10
323,369
323,27
323,218
323,294
323,472
323,473
323,418
323,204
323,102
323,517
323,122
323,606
323,94
323,337
323,172
323,484
323,574
323,291
323,571
323,580
323,343
323,454
323,18
323,514
323,60
323,470
323,195
323,429
323,344
323,493
323,537
323,253
323,5
323,354
204,544
204,40
204,327
204,77
204,95
204,328
204,184
204,589
204,566
204,88
204,10
204,369
204,27
204,218
204,294
204,472
204,473
204,418
204,323
204,102
204,517
204,122
204,606
204,49
204,483
204,358
204,429
204,455
204,352
102,544
102,40
102,327
102,77
102,95
102,328
102,184
102,589
102,566
102,88
102,10
102,369
102,27
102,218
102,294
102,472
102,473
102,418
102,323
102,204
102,517
102,122
102,606
102,315
102,429
102,362
102,361
102,417
102,20
102,259
102,43
102,69
102,564
102,567
102,5
102,17
102,49
102,283
102,548
102,36
102,263
102,602
102,317
102,326
102,545
102,167
102,195
102,345
102,405
102,561
102,468
102,546
102,93
102,288
102,454
102,68
102,505
102,372
102,213
102,141
102,230
517,544
517,40
517,327
517,77
517,95
517,328
517,184
517,589
517,566
517,88
517,10
517,369
517,27
517,218
517,294
517,472
517,473
517,418
517,323
517,204
517,102
517,122
517,606
517,273
517,283
517,258
122,544
122,40
122,327
122,77
122,95
122,328
122,184
122,589
122,566
122,88
122,10
122,369
122,27
122,218
122,294
122,472
122,473
122,418
122,323
122,204
122,102
122,517
122,606
122,94
122,521
122,372
122,68
122,116
122,553
122,283
122,54
122,370
122,123
122,578
122,605
122,514
122,288
122,202
122,36
122,251
122,427
122,343
122,164
122,174
122,399
122,65
122,337
122,333
606,544
606,40
606,327
606,77
606,95
606,328
606,184
606,589
606,566
606,88
606,10
606,369
606,27
606,218
606,294
606,472
606,473
606,418
606,323
606,204
606,102
606,517
606,122
606,31
606,103
370,91
370,163
370,27
370,119
370,535
370,90
370,554
370,436
370,597
370,219
370,327
370,283
370,306
370,531
370,287
370,526
370,40
370,215
370,561
370,357
370,308
370,328
370,174
370,380
370,595
370,96
370,430
370,290
370,359
370,94
370,521
370,372
370,68
370,116
370,553
370,54
370,122
370,123
370,578
370,605
370,514
370,288
370,141
370,545
370,559
370,164
370,331
370,187
31,606
31,103
31,372
31,16
31,27
31,72
31,202
31,569
31,263
31,330
31,463
31,279
31,69
31,524
31,173
31,379
31,152
31,97
31,295
31,506
31,412
31,538
31,565
31,494
31,540
31,124
31,271
31,341
31,496
31,490
31,250
31,150
31,400
31,384
31,446
31,252
103,31
103,606
261,27
261,223
197,426
197,238
238,426
238,197
280,283
280,16
280,27
280,480
280,410
280,376
280,547
280,346
280,495
280,446
8,106
8,565
8,360
8,154
106,8
106,565
106,360
106,154
16,280
16,283
16,27
16,480
16,410
16,376
16,547
16,346
16,31
16,372
16,72
16,202
16,569
16,263
16,330
16,463
16,279
16,69
16,524
16,505
16,174
16,580
16,118
16,362
16,461
16,602
16,314
16,353
480,280
480,283
480,16
480,27
480,410
480,376
480,547
480,346
564,315
564,429
564,362
564,361
564,417
564,20
564,259
564,43
564,69
564,567
564,5
564,102
564,17
564,49
564,283
538,63
538,347
538,540
538,412
538,565
538,494
538,31
538,124
372,31
372,16
372,27
372,72
372,202
372,569
372,263
372,330
372,463
372,279
372,69
372,524
372,68
372,505
372,213
372,141
372,602
372,230
372,102
372,40
372,328
372,94
372,521
372,116
372,553
372,283
372,54
372,370
372,122
372,123
372,578
372,605
372,514
372,288
202,31
202,372
202,16
202,27
202,72
202,569
202,263
202,330
202,463
202,279
202,69
202,524
202,36
202,251
202,427
202,343
202,164
202,94
202,174
202,399
202,65
202,337
202,122
202,333
63,538
63,347
63,540
263,31
263,372
263,16
263,27
263,72
263,202
263,569
263,330
263,463
263,279
263,69
263,524
263,548
263,36
263,602
263,317
263,102
263,326
263,68
263,505
263,213
263,141
263,230
263,223
263,94
263,353
263,560
263,374
347,538
347,63
347,540
347,53
347,587
347,384
347,530
347,604
347,308
347,267
347,360
347,127
347,490
347,101
347,501
347,298
347,558
347,288
347,341
347,504
347,182
347,346
347,194
347,159
330,31
330,372
330,16
330,27
330,72
330,202
330,569
330,263
330,463
330,279
330,69
330,524
463,31
463,372
463,16
463,27
463,72
463,202
463,569
463,263
463,330
463,279
463,69
463,524
463,505
463,174
463,580
463,118
463,362
463,461
463,602
463,314
463,353
463,283
463,239
463,293
463,242
463,521
463,36
463,331
463,163
463,201
463,91
463,223
463,94
463,560
463,374
69,31
69,372
69,16
69,27
69,72
69,202
69,569
69,263
69,330
69,463
69,279
69,524
69,315
69,429
69,362
69,361
69,417
69,20
69,259
69,43
69,564
69,567
69,5
69,102
69,17
69,49
69,283
25,245
25,530
25,24
25,322
25,76
245,25
245,530
245,24
245,322
245,76
530,25
530,245
530,24
530,322
530,76
530,53
530,587
530,384
530,347
24,25
24,245
24,530
24,322
24,76
412,332
412,538
412,565
412,494
412,540
412,31
412,124
152,173
152,379
152,97
152,31
152,295
152,506
43,315
43,429
43,362
43,361
43,417
43,20
43,259
43,69
43,564
43,567
43,5
43,102
43,17
43,49
43,283
295,173
295,379
295,152
295,97
295,31
295,506
49,315
49,429
49,362
49,361
49,417
49,20
49,259
49,43
49,69
49,564
49,567
49,5
49,102
49,17
49,283
49,371
49,482
49,574
49,351
49,336
49,584
49,467
49,483
49,358
49,455
49,204
49,352
265,540
265,494
265,126
265,448
265,180
265,183
265,267
265,443
265,423
265,536
265,173
265,469
265,442
265,253
265,558
265,284
265,167
265,129
494,540
494,265
494,126
494,448
494,180
494,412
494,538
494,565
494,31
494,124
126,540
126,265
126,494
126,448
126,180
448,540
448,265
448,494
448,126
448,180
448,495
448,501
448,290
448,298
448,268
448,565
448,532
180,540
180,265
180,494
180,126
180,448
554,535
554,505
554,234
554,472
554,119
554,90
554,370
554,436
554,597
554,219
554,327
554,283
554,306
554,531
554,287
554,526
461,16
461,505
461,174
461,580
461,118
461,362
461,602
461,314
461,353
461,283
461,463
602,16
602,505
602,174
602,580
602,118
602,362
602,461
602,314
602,353
602,283
602,463
602,548
602,36
602,263
602,317
602,102
602,326
602,141
602,51
602,442
602,293
602,418
602,119
602,68
602,372
602,213
602,230
314,16
314,505
314,174
314,580
314,118
314,362
314,461
314,602
314,353
314,283
314,463
314,44
314,359
314,545
314,172
314,70
314,553
314,380
314,171
353,16
353,505
353,174
353,580
353,118
353,362
353,461
353,602
353,314
353,283
353,463
353,223
353,94
353,560
353,263
353,374
573,327
548,36
548,263
548,602
548,317
548,102
548,326
53,587
53,384
53,530
53,347
587,53
587,384
587,530
587,347
587,335
587,269
587,495
587,227
587,321
587,596
587,506
587,154
587,15
587,601
587,504
587,540
384,53
384,587
384,530
384,347
384,271
384,341
384,31
384,496
384,490
384,250
384,150
384,400
384,506
384,446
384,252
317,548
317,36
317,263
317,602
317,102
317,326
293,505
293,239
293,242
293,521
293,463
293,36
293,331
293,141
293,51
293,442
293,418
293,119
293,602
293,427
521,505
521,239
521,293
521,242
521,463
521,36
521,331
521,40
521,328
521,94
521,372
521,68
521,116
521,553
521,283
521,54
521,370
521,122
521,123
521,578
521,605
521,514
521,288
331,505
331,239
331,293
331,242
331,521
331,463
331,36
331,141
331,327
331,545
331,559
331,163
331,94
331,164
331,561
331,187
331,370
124,412
124,538
124,565
124,494
124,540
124,31
141,51
141,442
141,293
141,418
141,119
141,602
141,68
141,505
141,372
141,263
141,213
141,230
141,102
141,327
141,545
141,559
141,163
141,94
141,164
141,561
141,331
141,187
141,370
195,545
195,283
195,167
195,259
195,345
195,36
195,405
195,561
195,468
195,546
195,369
195,5
195,93
195,102
195,288
195,454
195,94
195,337
195,172
195,484
195,574
195,291
195,571
195,580
195,343
195,18
195,514
195,60
195,470
195,429
195,344
195,589
195,493
195,537
195,323
195,253
195,354
345,545
345,283
345,167
345,259
345,195
345,36
345,405
345,561
345,468
345,546
345,369
345,5
345,93
345,102
345,288
345,454
363,269
363,154
363,509
363,57
363,290
363,15
363,252
405,545
405,283
405,167
405,259
405,195
405,345
405,36
405,561
405,468
405,546
405,369
405,5
405,93
405,102
405,288
405,454
405,582
405,502
405,219
405,127
405,524
405,327
405,111
405,565
405,88
561,545
561,283
561,167
561,259
561,195
561,345
561,36
561,405
561,468
561,546
561,369
561,5
561,93
561,102
561,288
561,454
561,40
561,215
561,370
561,141
561,327
561,559
561,163
561,94
561,164
561,331
561,187
561,27
561,524
561,593
561,132
561,15
561,257
509,269
509,363
509,154
509,57
509,290
509,15
509,252
468,545
468,283
468,167
468,259
468,195
468,345
468,36
468,405
468,561
468,546
468,369
468,5
468,93
468,102
468,288
468,454
546,545
546,283
546,167
546,259
546,195
546,345
546,36
546,405
546,561
546,468
546,369
546,5
546,93
546,102
546,288
546,454
290,269
290,363
290,154
290,509
290,57
290,15
290,252
290,495
290,501
290,298
290,268
290,448
290,565
290,532
290,357
290,308
290,328
290,174
290,380
290,595
290,96
290,283
290,430
290,370
93,545
93,283
93,167
93,259
93,195
93,345
93,36
93,405
93,561
93,468
93,546
93,369
93,5
93,102
93,288
93,454
93,110
93,560
93,582
93,502
93,219
93,127
93,524
93,327
93,111
93,565
93,88
454,545
454,283
454,167
454,259
454,195
454,345
454,36
454,405
454,561
454,468
454,546
454,369
454,5
454,93
454,102
454,288
454,94
454,337
454,172
454,484
454,574
454,291
454,571
454,580
454,343
454,18
454,514
454,60
454,470
454,429
454,344
454,589
454,493
454,537
454,323
454,253
454,354
110,93
110,560
560,110
560,93
560,223
560,463
560,94
560,353
560,263
560,374
127,582
127,502
127,219
127,524
127,327
127,111
127,405
127,565
127,93
127,88
127,199
127,335
127,183
127,598
127,298
127,604
127,308
127,267
127,360
127,490
127,101
127,501
127,558
127,288
127,341
127,347
127,504
111,582
111,502
111,219
111,127
111,524
111,327
111,405
111,565
111,93
111,88
111,174
111,466
111,54
111,45
111,473
111,489
111,164
504,601
504,335
504,587
504,269
504,495
504,227
504,321
504,596
504,506
504,154
504,15
504,540
504,604
504,308
504,267
504,360
504,127
504,490
504,101
504,501
504,298
504,558
504,288
504,341
504,347
44,505
44,359
44,545
44,172
44,70
44,314
44,553
44,380
44,171
359,44
359,505
359,545
359,172
359,70
359,314
359,553
359,380
359,171
359,370
172,44
172,505
172,359
172,545
172,70
172,314
172,553
172,380
172,171
172,94
172,337
172,484
172,574
172,291
172,571
172,580
172,343
172,454
172,18
172,514
172,60
172,470
172,195
172,429
172,344
172,589
172,493
172,537
172,323
172,253
172,5
172,354
495,335
495,587
495,269
495,227
495,321
495,596
495,506
495,154
495,15
495,601
495,504
495,540
495,501
495,290
495,298
495,268
495,448
495,565
495,532
495,280
495,446
495,579
495,570
227,335
227,587
227,269
227,495
227,321
227,596
227,506
227,154
227,15
227,601
227,504
227,540
321,335
321,587
321,269
321,495
321,227
321,596
321,506
321,154
321,15
321,601
321,504
321,540
321,579
321,570
321,207
321,496
321,534
596,335
596,587
596,269
596,495
596,227
596,321
596,506
596,154
596,15
596,601
596,504
596,540
380,44
380,505
380,359
380,545
380,172
380,70
380,314
380,553
380,171
380,357
380,308
380,328
380,174
380,595
380,96
380,283
380,430
380,370
380,290
171,44
171,505
171,359
171,545
171,172
171,70
171,314
171,553
171,380
547,280
547,283
547,16
547,27
547,480
547,410
547,376
547,346
346,280
346,283
346,16
346,27
346,480
346,410
346,376
346,547
346,182
346,347
346,194
346,159
271,341
271,31
271,496
271,490
271,250
271,150
271,400
271,506
271,384
271,446
271,252
341,271
341,31
341,496
341,490
341,250
341,150
341,400
341,506
341,384
341,446
341,252
341,604
341,308
341,267
341,360
341,127
341,101
341,501
341,298
341,558
341,288
341,347
341,504
436,119
436,535
436,90
436,554
436,370
436,597
436,219
436,327
436,283
436,306
436,531
436,287
436,526
597,119
597,535
597,90
597,554
597,370
597,436
597,219
597,327
597,283
597,306
597,531
597,287
597,526
150,271
150,341
150,31
150,496
150,490
150,250
150,400
150,506
150,384
150,446
150,252
150,260
150,551
150,379
150,14
150,67
150,362
150,13
150,15
150,288
400,271
400,341
400,31
400,496
400,490
400,250
400,150
400,506
400,384
400,446
400,252
531,119
531,535
531,90
531,554
531,370
531,436
531,597
531,219
531,327
531,283
531,306
531,287
531,526
526,119
526,535
526,90
526,554
526,370
526,436
526,597
526,219
526,327
526,283
526,306
526,531
526,287
446,271
446,341
446,31
446,496
446,490
446,250
446,150
446,400
446,506
446,384
446,252
446,495
446,280
501,495
501,290
501,298
501,268
501,448
501,565
501,532
501,604
501,308
501,267
501,360
501,127
501,490
501,101
501,558
501,288
501,341
501,347
501,504
268,495
268,501
268,290
268,298
268,448
268,565
268,532
532,495
532,501
532,290
532,298
532,268
532,448
532,565
595,357
595,308
595,328
595,174
595,380
595,96
595,283
595,430
595,370
595,290
449,565
449,252
449,540
96,357
96,308
96,328
96,174
96,380
96,595
96,283
96,430
96,370
96,290
430,357
430,308
430,328
430,174
430,380
430,595
430,96
430,283
430,370
430,290
267,183
267,443
267,423
267,536
267,173
267,469
267,265
267,442
267,253
267,558
267,284
267,167
267,129
267,604
267,308
267,360
267,127
267,490
267,101
267,501
267,298
267,288
267,341
267,347
267,504
443,183
443,267
443,423
443,536
443,173
443,469
443,265
443,442
443,253
443,558
443,284
443,167
443,129
423,183
423,267
423,443
423,536
423,173
423,469
423,265
423,442
423,253
423,558
423,284
423,167
423,129
423,320
423,588
423,383
423,534
201,463
201,36
201,163
201,505
201,91
469,183
469,267
469,443
469,423
469,536
469,173
469,265
469,442
469,253
469,558
469,284
469,167
469,129
558,183
558,267
558,443
558,423
558,536
558,173
558,469
558,265
558,442
558,253
558,284
558,167
558,129
558,604
558,308
558,360
558,127
558,490
558,101
558,501
558,298
558,288
558,341
558,347
558,504
284,183
284,267
284,443
284,423
284,536
284,173
284,469
284,265
284,442
284,253
284,558
284,167
284,129
258,517
594,453
453,594
598,199
598,335
598,565
598,183
598,298
598,127
604,308
604,267
604,360
604,127
604,490
604,101
604,501
604,298
604,558
604,288
604,341
604,347
604,504
371,417
371,482
371,574
371,49
371,351
371,336
371,584
371,467
482,417
482,371
482,574
482,49
482,351
482,336
482,584
482,467
336,417
336,371
336,482
336,574
336,49
336,351
336,584
336,467
101,604
101,308
101,267
101,360
101,127
101,490
101,501
101,298
101,558
101,288
101,341
101,347
101,504
584,417
584,371
584,482
584,574
584,49
584,351
584,336
584,467
68,505
68,372
68,263
68,213
68,141
68,602
68,230
68,102
68,40
68,328
68,94
68,521
68,116
68,553
68,283
68,54
68,370
68,122
68,123
68,578
68,605
68,514
68,288
137,173
137,491
137,378
230,68
230,505
230,372
230,263
230,213
230,141
230,602
230,102
491,173
491,137
491,378
491,565
491,183
491,447
491,540
116,40
116,328
116,94
116,521
116,372
116,68
116,553
116,283
116,54
116,370
116,122
116,123
116,578
116,605
116,514
116,288
123,40
123,328
123,94
123,521
123,372
123,68
123,116
123,553
123,283
123,54
123,370
123,122
123,578
123,605
123,514
123,288
514,40
514,328
514,94
514,521
514,372
514,68
514,116
514,553
514,283
514,54
514,370
514,122
514,123
514,578
514,605
514,288
514,337
514,172
514,484
514,574
514,291
514,571
514,580
514,343
514,454
514,18
514,60
514,470
514,195
514,429
514,344
514,589
514,493
514,537
514,323
514,253
514,5
514,354
588,320
588,423
588,383
588,534
383,320
383,588
383,423
383,534
534,320
534,588
534,423
534,383
534,321
534,506
534,207
534,496
355,553
355,104
355,520
355,128
104,355
104,553
104,520
104,128
104,427
104,27
104,65
104,241
104,5
104,19
104,374
104,369
520,355
520,553
520,104
520,128
128,355
128,553
128,104
128,520
260,150
260,551
260,379
260,14
260,67
260,362
260,13
260,15
260,288
14,260
14,150
14,551
14,379
14,67
14,362
14,13
14,15
14,288
14,125
14,32
14,563
14,255
13,260
13,150
13,551
13,379
13,14
13,67
13,362
13,15
13,288
483,49
483,358
483,429
483,455
483,204
483,352
358,49
358,483
358,429
358,455
358,204
358,352
99,515
427,293
427,202
427,36
427,251
427,27
427,343
427,164
427,94
427,174
427,399
427,65
427,337
427,122
427,333
427,104
427,241
427,5
427,19
427,374
427,369
466,174
466,54
466,45
466,473
466,111
466,489
466,164
45,174
45,466
45,54
45,473
45,111
45,489
45,164
489,174
489,466
489,54
489,45
489,473
489,111
489,164
60,94
60,337
60,172
60,484
60,574
60,291
60,571
60,580
60,343
60,454
60,18
60,514
60,470
60,195
60,429
60,344
60,589
60,493
60,537
60,323
60,253
60,5
60,354
493,94
493,337
493,172
493,484
493,574
493,291
493,571
493,580
493,343
493,454
493,18
493,514
493,60
493,470
493,195
493,429
493,344
493,589
493,537
493,323
493,253
493,5
493,354
537,94
537,337
537,172
537,484
537,574
537,291
537,571
537,580
537,343
537,454
537,18
537,514
537,60
537,470
537,195
537,429
537,344
537,589
537,493
537,323
537,253
537,5
537,354
354,94
354,337
354,172
354,484
354,574
354,291
354,571
354,580
354,343
354,454
354,18
354,514
354,60
354,470
354,195
354,429
354,344
354,589
354,493
354,537
354,323
354,253
354,5
354,115
354,283
354,539
354,398
187,141
187,327
187,545
187,559
187,163
187,94
187,164
187,561
187,331
187,370
570,540
570,579
570,495
570,321
399,202
399,36
399,251
399,27
399,427
399,343
399,164
399,94
399,174
399,65
399,337
399,122
399,333
447,565
447,491
447,183
447,540
333,202
333,36
333,251
333,27
333,427
333,343
333,164
333,94
333,174
333,399
333,65
333,337
333,122
374,223
374,463
374,94
374,353
374,560
374,263
374,427
374,27
374,104
374,65
374,241
374,5
374,19
374,369
241,427
241,27
241,104
241,65
241,5
241,19
241,374
241,369
593,27
593,561
593,524
593,132
593,288
593,15
593,257
257,27
257,561
257,524
257,593
257,132
257,288
257,15
194,182
194,346
194,347
194,159
115,283
115,539
115,354
115,398
125,32
125,563
125,14
125,255
563,125
563,32
563,14
563,255
539,115
539,283
539,354
539,398
255,125
255,32
255,563
255,14
398,115
398,283
398,539
398,354
